physpreset,sandbag
xanim,ai_zm_dlc1_zombie_climb_up_192_down_40
xanim,ai_zm_dlc1_zombie_climb_up_256_down_32
xanim,ai_zm_dlc1_zombie_climb_up_256_down_40
xanim,ai_zm_dlc1_zombie_crawl_climb_up_192_down_40
xanim,ai_zm_dlc1_zombie_crawl_climb_up_256_down_32
xanim,ai_zm_dlc1_zombie_crawl_jump_down_190
xanim,ai_zm_dlc1_zombie_crawl_jump_up_180_down_36
xanim,ai_zm_dlc1_zombie_crawl_jump_up_244_down_36
xanim,ai_zm_dlc1_zombie_crawl_jump_up_36_down_180
xanim,ai_zm_dlc1_zombie_crawl_jump_up_36_down_244
xanim,ai_zm_dlc1_zombie_jump_down_190
xanim,ai_zm_dlc1_zombie_jump_up_180_down_36
xanim,ai_zm_dlc1_zombie_jump_up_244_down_36
xanim,ai_zm_dlc1_zombie_jump_up_36_down_180
xanim,ai_zm_dlc1_zombie_jump_up_36_down_244
xanim,ai_zm_dlc4_zombie_crawl_jump_across_192
xanim,ai_zm_dlc4_zombie_crawl_jump_across_296
xanim,ai_zm_dlc4_zombie_crawl_jump_down_148
xanim,ai_zm_dlc4_zombie_crawl_jump_down_200
xanim,ai_zm_dlc4_zombie_crawl_jump_down_224
xanim,ai_zm_dlc4_zombie_crawl_jump_up_148
xanim,ai_zm_dlc4_zombie_crawl_jump_up_224
xanim,ai_zm_dlc4_zombie_jump_across_192
xanim,ai_zm_dlc4_zombie_jump_across_296
xanim,ai_zm_dlc4_zombie_jump_across_down_148
xanim,ai_zm_dlc4_zombie_jump_across_up_148
xanim,ai_zm_dlc4_zombie_jump_down_200
xanim,ai_zm_dlc4_zombie_jump_down_224
xanim,ai_zm_dlc4_zombie_jump_up_224
xanim,ai_zombie_base_ad_attack_v1
xanim,ai_zombie_base_ad_attack_v2
xanim,ai_zombie_base_ad_attack_v3
xanim,ai_zombie_base_ad_attack_v4
xanim,ai_zombie_base_au_attack_v1
xanim,ai_zombie_base_au_attack_v2
xanim,ai_zombie_base_au_attack_v3
xanim,ai_zombie_base_au_attack_v4
xanim,ai_zombie_base_boardtear_aligned_l_1_grab
xanim,ai_zombie_base_boardtear_aligned_l_1_hold
xanim,ai_zombie_base_boardtear_aligned_l_1_pull
xanim,ai_zombie_base_boardtear_aligned_l_2_grab
xanim,ai_zombie_base_boardtear_aligned_l_2_hold
xanim,ai_zombie_base_boardtear_aligned_l_2_pull
xanim,ai_zombie_base_boardtear_aligned_l_3_grab
xanim,ai_zombie_base_boardtear_aligned_l_3_hold
xanim,ai_zombie_base_boardtear_aligned_l_3_pull
xanim,ai_zombie_base_boardtear_aligned_l_4_grab
xanim,ai_zombie_base_boardtear_aligned_l_4_hold
xanim,ai_zombie_base_boardtear_aligned_l_4_pull
xanim,ai_zombie_base_boardtear_aligned_l_5_grab
xanim,ai_zombie_base_boardtear_aligned_l_5_hold
xanim,ai_zombie_base_boardtear_aligned_l_5_pull
xanim,ai_zombie_base_boardtear_aligned_l_6_grab
xanim,ai_zombie_base_boardtear_aligned_l_6_hold
xanim,ai_zombie_base_boardtear_aligned_l_6_pull
xanim,ai_zombie_base_boardtear_aligned_m_1_grab
xanim,ai_zombie_base_boardtear_aligned_m_1_hold
xanim,ai_zombie_base_boardtear_aligned_m_1_pull
xanim,ai_zombie_base_boardtear_aligned_m_2_grab
xanim,ai_zombie_base_boardtear_aligned_m_2_hold
xanim,ai_zombie_base_boardtear_aligned_m_2_pull
xanim,ai_zombie_base_boardtear_aligned_m_3_grab
xanim,ai_zombie_base_boardtear_aligned_m_3_hold
xanim,ai_zombie_base_boardtear_aligned_m_3_pull
xanim,ai_zombie_base_boardtear_aligned_m_4_grab
xanim,ai_zombie_base_boardtear_aligned_m_4_hold
xanim,ai_zombie_base_boardtear_aligned_m_4_pull
xanim,ai_zombie_base_boardtear_aligned_m_5_grab
xanim,ai_zombie_base_boardtear_aligned_m_5_hold
xanim,ai_zombie_base_boardtear_aligned_m_5_pull
xanim,ai_zombie_base_boardtear_aligned_m_6_grab
xanim,ai_zombie_base_boardtear_aligned_m_6_hold
xanim,ai_zombie_base_boardtear_aligned_m_6_pull
xanim,ai_zombie_base_boardtear_aligned_r_1_grab
xanim,ai_zombie_base_boardtear_aligned_r_1_hold
xanim,ai_zombie_base_boardtear_aligned_r_1_pull
xanim,ai_zombie_base_boardtear_aligned_r_2_grab
xanim,ai_zombie_base_boardtear_aligned_r_2_hold
xanim,ai_zombie_base_boardtear_aligned_r_2_pull
xanim,ai_zombie_base_boardtear_aligned_r_3_grab
xanim,ai_zombie_base_boardtear_aligned_r_3_hold
xanim,ai_zombie_base_boardtear_aligned_r_3_pull
xanim,ai_zombie_base_boardtear_aligned_r_4_grab
xanim,ai_zombie_base_boardtear_aligned_r_4_hold
xanim,ai_zombie_base_boardtear_aligned_r_4_pull
xanim,ai_zombie_base_boardtear_aligned_r_5_grab
xanim,ai_zombie_base_boardtear_aligned_r_5_hold
xanim,ai_zombie_base_boardtear_aligned_r_5_pull
xanim,ai_zombie_base_boardtear_aligned_r_6_grab
xanim,ai_zombie_base_boardtear_aligned_r_6_hold
xanim,ai_zombie_base_boardtear_aligned_r_6_pull
xanim,ai_zombie_base_crawl_attack_v1
xanim,ai_zombie_base_crawl_attack_v2
xanim,ai_zombie_base_crawl_boardtear_aligned_l_1_grab
xanim,ai_zombie_base_crawl_boardtear_aligned_l_1_hold
xanim,ai_zombie_base_crawl_boardtear_aligned_l_1_pull
xanim,ai_zombie_base_crawl_boardtear_aligned_l_2_grab
xanim,ai_zombie_base_crawl_boardtear_aligned_l_2_hold
xanim,ai_zombie_base_crawl_boardtear_aligned_l_2_pull
xanim,ai_zombie_base_crawl_boardtear_aligned_l_3_grab
xanim,ai_zombie_base_crawl_boardtear_aligned_l_3_hold
xanim,ai_zombie_base_crawl_boardtear_aligned_l_3_pull
xanim,ai_zombie_base_crawl_boardtear_aligned_l_4_grab
xanim,ai_zombie_base_crawl_boardtear_aligned_l_4_hold
xanim,ai_zombie_base_crawl_boardtear_aligned_l_4_pull
xanim,ai_zombie_base_crawl_boardtear_aligned_l_5_grab
xanim,ai_zombie_base_crawl_boardtear_aligned_l_5_hold
xanim,ai_zombie_base_crawl_boardtear_aligned_l_5_pull
xanim,ai_zombie_base_crawl_boardtear_aligned_l_6_grab
xanim,ai_zombie_base_crawl_boardtear_aligned_l_6_hold
xanim,ai_zombie_base_crawl_boardtear_aligned_l_6_pull
xanim,ai_zombie_base_crawl_boardtear_aligned_m_1_grab
xanim,ai_zombie_base_crawl_boardtear_aligned_m_1_hold
xanim,ai_zombie_base_crawl_boardtear_aligned_m_1_pull
xanim,ai_zombie_base_crawl_boardtear_aligned_m_2_grab
xanim,ai_zombie_base_crawl_boardtear_aligned_m_2_hold
xanim,ai_zombie_base_crawl_boardtear_aligned_m_2_pull
xanim,ai_zombie_base_crawl_boardtear_aligned_m_3_grab
xanim,ai_zombie_base_crawl_boardtear_aligned_m_3_hold
xanim,ai_zombie_base_crawl_boardtear_aligned_m_3_pull
xanim,ai_zombie_base_crawl_boardtear_aligned_m_4_grab
xanim,ai_zombie_base_crawl_boardtear_aligned_m_4_hold
xanim,ai_zombie_base_crawl_boardtear_aligned_m_4_pull
xanim,ai_zombie_base_crawl_boardtear_aligned_m_5_grab
xanim,ai_zombie_base_crawl_boardtear_aligned_m_5_hold
xanim,ai_zombie_base_crawl_boardtear_aligned_m_5_pull
xanim,ai_zombie_base_crawl_boardtear_aligned_m_6_grab
xanim,ai_zombie_base_crawl_boardtear_aligned_m_6_hold
xanim,ai_zombie_base_crawl_boardtear_aligned_m_6_pull
xanim,ai_zombie_base_crawl_boardtear_aligned_r_1_grab
xanim,ai_zombie_base_crawl_boardtear_aligned_r_1_hold
xanim,ai_zombie_base_crawl_boardtear_aligned_r_1_pull
xanim,ai_zombie_base_crawl_boardtear_aligned_r_2_grab
xanim,ai_zombie_base_crawl_boardtear_aligned_r_2_hold
xanim,ai_zombie_base_crawl_boardtear_aligned_r_2_pull
xanim,ai_zombie_base_crawl_boardtear_aligned_r_3_grab
xanim,ai_zombie_base_crawl_boardtear_aligned_r_3_hold
xanim,ai_zombie_base_crawl_boardtear_aligned_r_3_pull
xanim,ai_zombie_base_crawl_boardtear_aligned_r_4_grab
xanim,ai_zombie_base_crawl_boardtear_aligned_r_4_hold
xanim,ai_zombie_base_crawl_boardtear_aligned_r_4_pull
xanim,ai_zombie_base_crawl_boardtear_aligned_r_5_grab
xanim,ai_zombie_base_crawl_boardtear_aligned_r_5_hold
xanim,ai_zombie_base_crawl_boardtear_aligned_r_5_pull
xanim,ai_zombie_base_crawl_boardtear_aligned_r_6_grab
xanim,ai_zombie_base_crawl_boardtear_aligned_r_6_hold
xanim,ai_zombie_base_crawl_boardtear_aligned_r_6_pull
xanim,ai_zombie_base_crawl_death_v1
xanim,ai_zombie_base_crawl_death_v2
xanim,ai_zombie_base_crawl_idle_v1
xanim,ai_zombie_base_crawl_jump_across_128
xanim,ai_zombie_base_crawl_jump_across_256
xanim,ai_zombie_base_crawl_jump_down_128
xanim,ai_zombie_base_crawl_jump_down_160
xanim,ai_zombie_base_crawl_jump_down_36
xanim,ai_zombie_base_crawl_jump_down_48
xanim,ai_zombie_base_crawl_jump_down_72
xanim,ai_zombie_base_crawl_jump_down_96
xanim,ai_zombie_base_crawl_jump_up_128
xanim,ai_zombie_base_crawl_jump_up_160
xanim,ai_zombie_base_crawl_jump_up_36
xanim,ai_zombie_base_crawl_jump_up_48
xanim,ai_zombie_base_crawl_jump_up_72
xanim,ai_zombie_base_crawl_jump_up_96
xanim,ai_zombie_base_crawl_mantle_over_128
xanim,ai_zombie_base_crawl_mantle_over_36
xanim,ai_zombie_base_crawl_mantle_over_48
xanim,ai_zombie_base_crawl_mantle_over_72
xanim,ai_zombie_base_crawl_mantle_over_96
xanim,ai_zombie_base_crawl_run_win_trav_l_v1
xanim,ai_zombie_base_crawl_run_win_trav_r_v1
xanim,ai_zombie_base_crawl_sprint_v1
xanim,ai_zombie_base_crawl_sprint_v2
xanim,ai_zombie_base_crawl_sprint_v3
xanim,ai_zombie_base_crawl_sprint_win_trav_l_v1
xanim,ai_zombie_base_crawl_sprint_win_trav_r_v1
xanim,ai_zombie_base_crawl_v1
xanim,ai_zombie_base_crawl_v2
xanim,ai_zombie_base_crawl_v3
xanim,ai_zombie_base_crawl_v4
xanim,ai_zombie_base_crawl_v5
xanim,ai_zombie_base_crawl_win_trav_l_v1
xanim,ai_zombie_base_crawl_win_trav_m_v1
xanim,ai_zombie_base_crawl_win_trav_m_v2
xanim,ai_zombie_base_crawl_win_trav_r_v1
xanim,ai_zombie_base_death_v1
xanim,ai_zombie_base_death_v2
xanim,ai_zombie_base_death_v3
xanim,ai_zombie_base_dth_b_id_gun
xanim,ai_zombie_base_dth_b_id_gun_crush
xanim,ai_zombie_base_dth_b_v1
xanim,ai_zombie_base_dth_b_v2
xanim,ai_zombie_base_dth_b_v3
xanim,ai_zombie_base_dth_f_id_gun
xanim,ai_zombie_base_dth_f_id_gun_crush
xanim,ai_zombie_base_dth_f_v1
xanim,ai_zombie_base_dth_f_v10
xanim,ai_zombie_base_dth_f_v11
xanim,ai_zombie_base_dth_f_v12
xanim,ai_zombie_base_dth_f_v13
xanim,ai_zombie_base_dth_f_v2
xanim,ai_zombie_base_dth_f_v3
xanim,ai_zombie_base_dth_f_v4
xanim,ai_zombie_base_dth_f_v5
xanim,ai_zombie_base_dth_f_v6
xanim,ai_zombie_base_dth_f_v7
xanim,ai_zombie_base_dth_f_v8
xanim,ai_zombie_base_dth_f_v9
xanim,ai_zombie_base_dth_l_id_gun
xanim,ai_zombie_base_dth_l_id_gun_crush
xanim,ai_zombie_base_dth_r_id_gun
xanim,ai_zombie_base_dth_r_id_gun_crush
xanim,ai_zombie_base_fast_sprint_01
xanim,ai_zombie_base_fast_sprint_01_pain_chest_f
xanim,ai_zombie_base_fast_sprint_01_pain_chest_f_alt
xanim,ai_zombie_base_fast_sprint_02
xanim,ai_zombie_base_fast_sprint_02_pain_chest_f
xanim,ai_zombie_base_fast_sprint_02_pain_chest_f_alt
xanim,ai_zombie_base_fwd_ad_attack_v1
xanim,ai_zombie_base_fwd_ad_attack_v2
xanim,ai_zombie_base_idle_ad_v1
xanim,ai_zombie_base_idle_au_v1
xanim,ai_zombie_base_jump_across_128
xanim,ai_zombie_base_jump_across_256
xanim,ai_zombie_base_jump_down_128
xanim,ai_zombie_base_jump_down_160
xanim,ai_zombie_base_jump_down_36
xanim,ai_zombie_base_jump_down_48
xanim,ai_zombie_base_jump_down_72
xanim,ai_zombie_base_jump_down_96
xanim,ai_zombie_base_jump_up_128
xanim,ai_zombie_base_jump_up_160
xanim,ai_zombie_base_jump_up_36
xanim,ai_zombie_base_jump_up_48
xanim,ai_zombie_base_jump_up_72
xanim,ai_zombie_base_jump_up_96
xanim,ai_zombie_base_mantle_over_128
xanim,ai_zombie_base_mantle_over_36
xanim,ai_zombie_base_mantle_over_48
xanim,ai_zombie_base_mantle_over_72
xanim,ai_zombie_base_mantle_over_96
xanim,ai_zombie_base_run_ad_attack_v1
xanim,ai_zombie_base_run_ad_attack_v2
xanim,ai_zombie_base_run_ad_attack_v3
xanim,ai_zombie_base_run_ad_attack_v4
xanim,ai_zombie_base_run_ad_sidestep_left_long_a
xanim,ai_zombie_base_run_ad_sidestep_left_long_b
xanim,ai_zombie_base_run_ad_sidestep_left_short_a
xanim,ai_zombie_base_run_ad_sidestep_right_long
xanim,ai_zombie_base_run_ad_sidestep_right_long_a
xanim,ai_zombie_base_run_ad_sidestep_right_short
xanim,ai_zombie_base_run_ad_v1
xanim,ai_zombie_base_run_ad_v11
xanim,ai_zombie_base_run_ad_v11_pain_chest_f
xanim,ai_zombie_base_run_ad_v11_pain_chest_f_alt
xanim,ai_zombie_base_run_ad_v12
xanim,ai_zombie_base_run_ad_v12_pain_chest_f
xanim,ai_zombie_base_run_ad_v12_pain_chest_f_alt
xanim,ai_zombie_base_run_ad_v14
xanim,ai_zombie_base_run_ad_v14_pain_chest_f
xanim,ai_zombie_base_run_ad_v14_pain_chest_f_alt
xanim,ai_zombie_base_run_ad_v1_pain_chest_f
xanim,ai_zombie_base_run_ad_v1_pain_chest_f_alt
xanim,ai_zombie_base_run_ad_v2
xanim,ai_zombie_base_run_ad_v20
xanim,ai_zombie_base_run_ad_v20_pain_chest_f
xanim,ai_zombie_base_run_ad_v20_pain_chest_f_alt
xanim,ai_zombie_base_run_ad_v21
xanim,ai_zombie_base_run_ad_v21_pain_chest_f
xanim,ai_zombie_base_run_ad_v21_pain_chest_f_alt
xanim,ai_zombie_base_run_ad_v22
xanim,ai_zombie_base_run_ad_v22_pain_chest_f
xanim,ai_zombie_base_run_ad_v22_pain_chest_f_alt
xanim,ai_zombie_base_run_ad_v23
xanim,ai_zombie_base_run_ad_v23_pain_chest_f
xanim,ai_zombie_base_run_ad_v23_pain_chest_f_alt
xanim,ai_zombie_base_run_ad_v24
xanim,ai_zombie_base_run_ad_v24_pain_chest_f
xanim,ai_zombie_base_run_ad_v24_pain_chest_f_alt
xanim,ai_zombie_base_run_ad_v2_pain_chest_f
xanim,ai_zombie_base_run_ad_v2_pain_chest_f_alt
xanim,ai_zombie_base_run_ad_v4
xanim,ai_zombie_base_run_ad_v4_pain_chest_f
xanim,ai_zombie_base_run_ad_v4_pain_chest_f_alt
xanim,ai_zombie_base_run_ad_v7
xanim,ai_zombie_base_run_ad_v7_pain_chest_f
xanim,ai_zombie_base_run_ad_v7_pain_chest_f_alt
xanim,ai_zombie_base_run_ad_v8
xanim,ai_zombie_base_run_ad_v8_pain_chest_f
xanim,ai_zombie_base_run_ad_v8_pain_chest_f_alt
xanim,ai_zombie_base_run_ad_win_trav_l_v1
xanim,ai_zombie_base_run_ad_win_trav_m_v1
xanim,ai_zombie_base_run_ad_win_trav_r_v1
xanim,ai_zombie_base_run_au_attack_v1
xanim,ai_zombie_base_run_au_attack_v2
xanim,ai_zombie_base_run_au_attack_v3
xanim,ai_zombie_base_run_au_attack_v4
xanim,ai_zombie_base_run_au_sidestep_left_long_a
xanim,ai_zombie_base_run_au_sidestep_left_long_b
xanim,ai_zombie_base_run_au_sidestep_left_long_c
xanim,ai_zombie_base_run_au_sidestep_left_short
xanim,ai_zombie_base_run_au_sidestep_left_short_a
xanim,ai_zombie_base_run_au_sidestep_left_short_b
xanim,ai_zombie_base_run_au_sidestep_right_long_a
xanim,ai_zombie_base_run_au_sidestep_right_long_b
xanim,ai_zombie_base_run_au_sidestep_right_long_c
xanim,ai_zombie_base_run_au_sidestep_right_short_a
xanim,ai_zombie_base_run_au_sidestep_right_short_b
xanim,ai_zombie_base_run_au_sidestep_right_short_c
xanim,ai_zombie_base_run_au_sidestep_right_short_d
xanim,ai_zombie_base_run_au_v1
xanim,ai_zombie_base_run_au_v11
xanim,ai_zombie_base_run_au_v11_pain_chest_f
xanim,ai_zombie_base_run_au_v11_pain_chest_f_alt
xanim,ai_zombie_base_run_au_v13
xanim,ai_zombie_base_run_au_v13_pain_chest_f
xanim,ai_zombie_base_run_au_v1_pain_chest_f
xanim,ai_zombie_base_run_au_v1_pain_chest_f_alt
xanim,ai_zombie_base_run_au_v2
xanim,ai_zombie_base_run_au_v20
xanim,ai_zombie_base_run_au_v20_pain_chest_f
xanim,ai_zombie_base_run_au_v20_pain_chest_f_alt
xanim,ai_zombie_base_run_au_v21
xanim,ai_zombie_base_run_au_v21_pain_chest_f
xanim,ai_zombie_base_run_au_v21_pain_chest_f_alt
xanim,ai_zombie_base_run_au_v22
xanim,ai_zombie_base_run_au_v22_pain_chest_f
xanim,ai_zombie_base_run_au_v22_pain_chest_f_alt
xanim,ai_zombie_base_run_au_v23
xanim,ai_zombie_base_run_au_v23_pain_chest_f
xanim,ai_zombie_base_run_au_v23_pain_chest_f_alt
xanim,ai_zombie_base_run_au_v24
xanim,ai_zombie_base_run_au_v24_pain_chest_f
xanim,ai_zombie_base_run_au_v24_pain_chest_f_alt
xanim,ai_zombie_base_run_au_v2_pain_chest_f
xanim,ai_zombie_base_run_au_v2_pain_chest_f_alt
xanim,ai_zombie_base_run_au_v4
xanim,ai_zombie_base_run_au_v4_pain_chest_f
xanim,ai_zombie_base_run_au_v4_pain_chest_f_alt
xanim,ai_zombie_base_run_au_v5
xanim,ai_zombie_base_run_au_v5_pain_chest_f
xanim,ai_zombie_base_run_au_v5_pain_chest_f_alt
xanim,ai_zombie_base_run_au_v9
xanim,ai_zombie_base_run_au_v9_pain_chest_f
xanim,ai_zombie_base_run_au_v9_pain_chest_f_alt
xanim,ai_zombie_base_run_au_win_trav_l_v1
xanim,ai_zombie_base_run_au_win_trav_m_v1
xanim,ai_zombie_base_run_au_win_trav_r_v1
xanim,ai_zombie_base_run_jump_down_36
xanim,ai_zombie_base_run_jump_down_48
xanim,ai_zombie_base_run_jump_down_72
xanim,ai_zombie_base_run_jump_down_96
xanim,ai_zombie_base_run_jump_up_36
xanim,ai_zombie_base_run_jump_up_48
xanim,ai_zombie_base_run_jump_up_72
xanim,ai_zombie_base_run_jump_up_96
xanim,ai_zombie_base_run_mantle_over_36
xanim,ai_zombie_base_run_mantle_over_48
xanim,ai_zombie_base_run_mantle_over_72
xanim,ai_zombie_base_run_mantle_over_96
xanim,ai_zombie_base_run_turn_135_l_v2
xanim,ai_zombie_base_run_turn_135_r_v2
xanim,ai_zombie_base_run_turn_180_l_v2
xanim,ai_zombie_base_run_turn_180_r_v2
xanim,ai_zombie_base_run_turn_45_l_v2
xanim,ai_zombie_base_run_turn_45_r_v2
xanim,ai_zombie_base_run_turn_90_l_v3
xanim,ai_zombie_base_run_turn_90_r_v2
xanim,ai_zombie_base_sprint_ad_sidestep_left_long_a
xanim,ai_zombie_base_sprint_ad_sidestep_left_long_b
xanim,ai_zombie_base_sprint_ad_sidestep_left_short_a
xanim,ai_zombie_base_sprint_ad_sidestep_right_long
xanim,ai_zombie_base_sprint_ad_sidestep_right_long_a
xanim,ai_zombie_base_sprint_ad_sidestep_right_long_b
xanim,ai_zombie_base_sprint_ad_sidestep_right_short_a
xanim,ai_zombie_base_sprint_ad_v1
xanim,ai_zombie_base_sprint_ad_v1_pain_chest_f
xanim,ai_zombie_base_sprint_ad_v1_pain_chest_f_alt
xanim,ai_zombie_base_sprint_ad_v2
xanim,ai_zombie_base_sprint_ad_v21
xanim,ai_zombie_base_sprint_ad_v21_pain_chest_f
xanim,ai_zombie_base_sprint_ad_v21_pain_chest_f_alt
xanim,ai_zombie_base_sprint_ad_v22
xanim,ai_zombie_base_sprint_ad_v22_pain_chest_f
xanim,ai_zombie_base_sprint_ad_v22_pain_chest_f_alt
xanim,ai_zombie_base_sprint_ad_v23
xanim,ai_zombie_base_sprint_ad_v23_pain_chest_f
xanim,ai_zombie_base_sprint_ad_v23_pain_chest_f_alt
xanim,ai_zombie_base_sprint_ad_v24
xanim,ai_zombie_base_sprint_ad_v24_pain_chest_f
xanim,ai_zombie_base_sprint_ad_v24_pain_chest_f_alt
xanim,ai_zombie_base_sprint_ad_v2_pain_chest_f
xanim,ai_zombie_base_sprint_ad_v2_pain_chest_f_alt
xanim,ai_zombie_base_sprint_ad_v5
xanim,ai_zombie_base_sprint_ad_v5_pain_chest_f
xanim,ai_zombie_base_sprint_ad_v5_pain_chest_f_alt
xanim,ai_zombie_base_sprint_ad_win_trav_l_v1
xanim,ai_zombie_base_sprint_ad_win_trav_m_v1
xanim,ai_zombie_base_sprint_ad_win_trav_m_v2
xanim,ai_zombie_base_sprint_ad_win_trav_r_v1
xanim,ai_zombie_base_sprint_au_sidestep_left_long_a
xanim,ai_zombie_base_sprint_au_sidestep_left_long_b
xanim,ai_zombie_base_sprint_au_sidestep_left_short_a
xanim,ai_zombie_base_sprint_au_sidestep_left_short_b
xanim,ai_zombie_base_sprint_au_sidestep_right_long_a
xanim,ai_zombie_base_sprint_au_sidestep_right_long_b
xanim,ai_zombie_base_sprint_au_sidestep_right_short_a
xanim,ai_zombie_base_sprint_au_sidestep_right_short_b
xanim,ai_zombie_base_sprint_au_v1
xanim,ai_zombie_base_sprint_au_v1_pain_chest_f
xanim,ai_zombie_base_sprint_au_v1_pain_chest_f_alt
xanim,ai_zombie_base_sprint_au_v2
xanim,ai_zombie_base_sprint_au_v20
xanim,ai_zombie_base_sprint_au_v20_pain_chest_f
xanim,ai_zombie_base_sprint_au_v20_pain_chest_f_alt
xanim,ai_zombie_base_sprint_au_v21
xanim,ai_zombie_base_sprint_au_v21_pain_chest_f
xanim,ai_zombie_base_sprint_au_v21_pain_chest_f_alt
xanim,ai_zombie_base_sprint_au_v22
xanim,ai_zombie_base_sprint_au_v22_pain_chest_f
xanim,ai_zombie_base_sprint_au_v22_pain_chest_f_alt
xanim,ai_zombie_base_sprint_au_v25
xanim,ai_zombie_base_sprint_au_v25_pain_chest_f
xanim,ai_zombie_base_sprint_au_v25_pain_chest_f_alt
xanim,ai_zombie_base_sprint_au_v2_pain_chest_f
xanim,ai_zombie_base_sprint_au_v2_pain_chest_f_alt
xanim,ai_zombie_base_sprint_au_win_trav_l_v1
xanim,ai_zombie_base_sprint_au_win_trav_m_v1
xanim,ai_zombie_base_sprint_au_win_trav_m_v2
xanim,ai_zombie_base_sprint_au_win_trav_r_v1
xanim,ai_zombie_base_sprint_turn_135_l_v2
xanim,ai_zombie_base_sprint_turn_135_r_v2
xanim,ai_zombie_base_sprint_turn_180_l_v2
xanim,ai_zombie_base_sprint_turn_180_r_v3
xanim,ai_zombie_base_sprint_turn_45_l_v2
xanim,ai_zombie_base_sprint_turn_45_r_v2
xanim,ai_zombie_base_sprint_turn_90_l_v2
xanim,ai_zombie_base_sprint_turn_90_r_v2
xanim,ai_zombie_base_supersprint_ad_v1
xanim,ai_zombie_base_supersprint_ad_v2
xanim,ai_zombie_base_supersprint_au_v1
xanim,ai_zombie_base_supersprint_au_v2
xanim,ai_zombie_base_taunts_v1
xanim,ai_zombie_base_taunts_v2
xanim,ai_zombie_base_taunts_v3
xanim,ai_zombie_base_taunts_v4
xanim,ai_zombie_base_taunts_v5
xanim,ai_zombie_base_taunts_v6
xanim,ai_zombie_base_taunts_v7
xanim,ai_zombie_base_taunts_v8
xanim,ai_zombie_base_taunts_v9
xanim,ai_zombie_base_traverse_procedural_idle
xanim,ai_zombie_base_traverse_procedural_idle_alt1
xanim,ai_zombie_base_traverse_procedural_idle_alt2
xanim,ai_zombie_base_traverse_procedural_jump
xanim,ai_zombie_base_traverse_procedural_jump_alt1
xanim,ai_zombie_base_traverse_procedural_jump_alt2
xanim,ai_zombie_base_traverse_procedural_land
xanim,ai_zombie_base_traverse_procedural_land_alt1
xanim,ai_zombie_base_traverse_procedural_land_alt2
xanim,ai_zombie_base_walk_ad_attack_v1
xanim,ai_zombie_base_walk_ad_attack_v2
xanim,ai_zombie_base_walk_ad_attack_v3
xanim,ai_zombie_base_walk_ad_attack_v4
xanim,ai_zombie_base_walk_ad_sidestep_left_long_b
xanim,ai_zombie_base_walk_ad_sidestep_left_short
xanim,ai_zombie_base_walk_ad_sidestep_left_short_b
xanim,ai_zombie_base_walk_ad_sidestep_right_a
xanim,ai_zombie_base_walk_ad_sidestep_right_long_a
xanim,ai_zombie_base_walk_ad_sidestep_right_long_b
xanim,ai_zombie_base_walk_ad_sidestep_right_short
xanim,ai_zombie_base_walk_ad_sidestep_right_short_a
xanim,ai_zombie_base_walk_ad_v1
xanim,ai_zombie_base_walk_ad_v19
xanim,ai_zombie_base_walk_ad_v19_pain_chest_f
xanim,ai_zombie_base_walk_ad_v19_pain_chest_f_alt
xanim,ai_zombie_base_walk_ad_v1_pain_chest_f
xanim,ai_zombie_base_walk_ad_v1_pain_chest_f_alt
xanim,ai_zombie_base_walk_ad_v2
xanim,ai_zombie_base_walk_ad_v20
xanim,ai_zombie_base_walk_ad_v20_pain_chest_f
xanim,ai_zombie_base_walk_ad_v20_pain_chest_f_alt
xanim,ai_zombie_base_walk_ad_v21
xanim,ai_zombie_base_walk_ad_v21_pain_chest_f
xanim,ai_zombie_base_walk_ad_v21_pain_chest_f_alt
xanim,ai_zombie_base_walk_ad_v22
xanim,ai_zombie_base_walk_ad_v22_pain_chest_f
xanim,ai_zombie_base_walk_ad_v22_pain_chest_f_alt
xanim,ai_zombie_base_walk_ad_v23
xanim,ai_zombie_base_walk_ad_v23_pain_chest_f
xanim,ai_zombie_base_walk_ad_v23_pain_chest_f_alt
xanim,ai_zombie_base_walk_ad_v24
xanim,ai_zombie_base_walk_ad_v24_pain_chest_f
xanim,ai_zombie_base_walk_ad_v24_pain_chest_f_alt
xanim,ai_zombie_base_walk_ad_v25
xanim,ai_zombie_base_walk_ad_v25_pain_chest_f
xanim,ai_zombie_base_walk_ad_v25_pain_chest_f_alt
xanim,ai_zombie_base_walk_ad_v2_pain_chest_f
xanim,ai_zombie_base_walk_ad_v2_pain_chest_f_alt
xanim,ai_zombie_base_walk_ad_v3
xanim,ai_zombie_base_walk_ad_v3_pain_chest_f
xanim,ai_zombie_base_walk_ad_v3_pain_chest_f_alt
xanim,ai_zombie_base_walk_ad_v4
xanim,ai_zombie_base_walk_ad_v4_pain_chest_f
xanim,ai_zombie_base_walk_ad_v4_pain_chest_f_alt
xanim,ai_zombie_base_walk_ad_v5
xanim,ai_zombie_base_walk_ad_v5_pain_chest_f
xanim,ai_zombie_base_walk_ad_v5_pain_chest_f_alt
xanim,ai_zombie_base_walk_ad_v6
xanim,ai_zombie_base_walk_ad_v6_pain_chest_f
xanim,ai_zombie_base_walk_ad_v6_pain_chest_f_alt
xanim,ai_zombie_base_walk_ad_v7
xanim,ai_zombie_base_walk_ad_v7_pain_chest_f
xanim,ai_zombie_base_walk_ad_v7_pain_chest_f_alt
xanim,ai_zombie_base_walk_ad_win_trav_l_v1
xanim,ai_zombie_base_walk_ad_win_trav_m_v1
xanim,ai_zombie_base_walk_ad_win_trav_m_v2
xanim,ai_zombie_base_walk_ad_win_trav_m_v3
xanim,ai_zombie_base_walk_ad_win_trav_r_v1
xanim,ai_zombie_base_walk_au_attack_v1
xanim,ai_zombie_base_walk_au_attack_v2
xanim,ai_zombie_base_walk_au_attack_v3
xanim,ai_zombie_base_walk_au_attack_v4
xanim,ai_zombie_base_walk_au_pain_head_v1
xanim,ai_zombie_base_walk_au_pain_legs_v1
xanim,ai_zombie_base_walk_au_pain_torso_v1
xanim,ai_zombie_base_walk_au_sidestep_left_long
xanim,ai_zombie_base_walk_au_sidestep_left_long_d
xanim,ai_zombie_base_walk_au_sidestep_left_short
xanim,ai_zombie_base_walk_au_sidestep_right_b
xanim,ai_zombie_base_walk_au_sidestep_right_short
xanim,ai_zombie_base_walk_au_v1
xanim,ai_zombie_base_walk_au_v10
xanim,ai_zombie_base_walk_au_v10_pain_chest_f
xanim,ai_zombie_base_walk_au_v10_pain_chest_f_alt
xanim,ai_zombie_base_walk_au_v11
xanim,ai_zombie_base_walk_au_v11_pain_chest_f
xanim,ai_zombie_base_walk_au_v11_pain_chest_f_alt
xanim,ai_zombie_base_walk_au_v12
xanim,ai_zombie_base_walk_au_v12_pain_chest_f
xanim,ai_zombie_base_walk_au_v12_pain_chest_f_alt
xanim,ai_zombie_base_walk_au_v13
xanim,ai_zombie_base_walk_au_v13_pain_chest_f
xanim,ai_zombie_base_walk_au_v13_pain_chest_f_alt
xanim,ai_zombie_base_walk_au_v15
xanim,ai_zombie_base_walk_au_v15_pain_chest_f
xanim,ai_zombie_base_walk_au_v15_pain_chest_f_alt
xanim,ai_zombie_base_walk_au_v1_pain_chest_f
xanim,ai_zombie_base_walk_au_v1_pain_chest_f_alt
xanim,ai_zombie_base_walk_au_v2
xanim,ai_zombie_base_walk_au_v20
xanim,ai_zombie_base_walk_au_v20_pain_chest_f
xanim,ai_zombie_base_walk_au_v20_pain_chest_f_alt
xanim,ai_zombie_base_walk_au_v21
xanim,ai_zombie_base_walk_au_v21_pain_chest_f
xanim,ai_zombie_base_walk_au_v21_pain_chest_f_alt
xanim,ai_zombie_base_walk_au_v23
xanim,ai_zombie_base_walk_au_v23_pain_chest_f
xanim,ai_zombie_base_walk_au_v23_pain_chest_f_alt
xanim,ai_zombie_base_walk_au_v2_pain_chest_f
xanim,ai_zombie_base_walk_au_v2_pain_chest_f_alt
xanim,ai_zombie_base_walk_au_v3
xanim,ai_zombie_base_walk_au_v3_pain_chest_f
xanim,ai_zombie_base_walk_au_v3_pain_chest_f_alt
xanim,ai_zombie_base_walk_au_v4
xanim,ai_zombie_base_walk_au_v4_pain_chest_f
xanim,ai_zombie_base_walk_au_v4_pain_chest_f_alt
xanim,ai_zombie_base_walk_au_v5
xanim,ai_zombie_base_walk_au_v5_pain_chest_f
xanim,ai_zombie_base_walk_au_v5_pain_chest_f_alt
xanim,ai_zombie_base_walk_au_v6
xanim,ai_zombie_base_walk_au_v6_pain_chest_f
xanim,ai_zombie_base_walk_au_v6_pain_chest_f_alt
xanim,ai_zombie_base_walk_au_v7
xanim,ai_zombie_base_walk_au_v7_pain_chest_f
xanim,ai_zombie_base_walk_au_v7_pain_chest_f_alt
xanim,ai_zombie_base_walk_au_v8
xanim,ai_zombie_base_walk_au_v8_pain_chest_f
xanim,ai_zombie_base_walk_au_v8_pain_chest_f_alt
xanim,ai_zombie_base_walk_au_win_trav_l_v1
xanim,ai_zombie_base_walk_au_win_trav_m_v1
xanim,ai_zombie_base_walk_au_win_trav_m_v2
xanim,ai_zombie_base_walk_au_win_trav_m_v3
xanim,ai_zombie_base_walk_au_win_trav_r_v1
xanim,ai_zombie_base_walk_turn_135_l_v3
xanim,ai_zombie_base_walk_turn_135_r_v2
xanim,ai_zombie_base_walk_turn_180_l_v3
xanim,ai_zombie_base_walk_turn_180_r_v3
xanim,ai_zombie_base_walk_turn_45_l_v2
xanim,ai_zombie_base_walk_turn_45_r_v2
xanim,ai_zombie_base_walk_turn_90_l_v2
xanim,ai_zombie_base_walk_turn_90_r_v2
xanim,ai_zombie_base_win_attack_arm_l_out
xanim,ai_zombie_base_win_attack_arm_r_out
xanim,ai_zombie_cp_crawl_jump_up_128_down_32
xanim,ai_zombie_cp_jump_up_128_down_32
xanim,ai_zombie_zod_crawl_stunned_electrobolt_a
xanim,ai_zombie_zod_crawl_stunned_electrobolt_b
xanim,ai_zombie_zod_crawl_stunned_electrobolt_c
xanim,ai_zombie_zod_crawl_stunned_electrobolt_d
xanim,ai_zombie_zod_crawl_stunned_electrobolt_e
xanim,ai_zombie_zod_margwa_smash_react_b_deadfallknee
xanim,ai_zombie_zod_margwa_smash_react_b_faceplant
xanim,ai_zombie_zod_margwa_smash_react_b_forwardtoface
xanim,ai_zombie_zod_margwa_smash_react_f
xanim,ai_zombie_zod_margwa_smash_react_f_doublebounce
xanim,ai_zombie_zod_margwa_smash_react_f_flatonback
xanim,ai_zombie_zod_margwa_smash_react_f_upontoback
xanim,ai_zombie_zod_margwa_smash_react_getup
xanim,ai_zombie_zod_margwa_smash_react_getup_a
xanim,ai_zombie_zod_margwa_smash_react_getup_b
xanim,ai_zombie_zod_margwa_smash_react_getup_c
xanim,ai_zombie_zod_margwa_smash_react_getup_quick_b
xanim,ai_zombie_zod_margwa_smash_react_getup_quick_c
xanim,ai_zombie_zod_margwa_smash_react_l_jackiespinright
xanim,ai_zombie_zod_margwa_smash_react_l_legsoutright
xanim,ai_zombie_zod_margwa_smash_react_r_jackiespinleft
xanim,ai_zombie_zod_margwa_smash_react_r_legsoutleft
xanim,ai_zombie_zod_stunned_electrobolt_a
xanim,ai_zombie_zod_stunned_electrobolt_b
xanim,ai_zombie_zod_stunned_electrobolt_c
xanim,ai_zombie_zod_stunned_electrobolt_d
xanim,ai_zombie_zod_stunned_electrobolt_e
xanim,o_zombie_board_1_pull
xanim,o_zombie_board_1_repair
xanim,o_zombie_board_2_pull
xanim,o_zombie_board_2_repair
xanim,o_zombie_board_3_pull
xanim,o_zombie_board_3_repair
xanim,o_zombie_board_4_pull
xanim,o_zombie_board_4_repair
xanim,o_zombie_board_5_pull
xanim,o_zombie_board_5_repair
xanim,o_zombie_board_6_pull
xanim,o_zombie_board_6_repair
xanim,rtrg_ai_zm_dlc1_zombie_crawl_lowg_v1
xanim,rtrg_ai_zm_dlc1_zombie_crawl_lowg_v2
xanim,rtrg_ai_zm_dlc1_zombie_crawl_lowg_v3
xanim,rtrg_ai_zm_dlc1_zombie_run_lowg_v1
xanim,rtrg_ai_zm_dlc1_zombie_run_lowg_v2
xanim,rtrg_ai_zm_dlc1_zombie_run_lowg_v3
xanim,rtrg_ai_zm_dlc1_zombie_run_lowg_v4
xanim,rtrg_ai_zm_dlc1_zombie_sprint_lowg_v1
xanim,rtrg_ai_zm_dlc1_zombie_sprint_lowg_v2
xanim,rtrg_ai_zm_dlc1_zombie_sprint_lowg_v3
xanim,rtrg_ai_zm_dlc1_zombie_sprint_lowg_v4
xanim,rtrg_ai_zm_dlc1_zombie_walk_lowg_v1
xanim,rtrg_ai_zm_dlc1_zombie_walk_lowg_v2
xanim,rtrg_ai_zm_dlc1_zombie_walk_lowg_v3
xanim,rtrg_ai_zm_dlc1_zombie_walk_lowg_v4
xmodel,c_zom_der_zombie_body1_g_behead
xmodel,c_zom_der_zombie_body1_g_blegsoff
xmodel,c_zom_der_zombie_body1_g_llegoff
xmodel,c_zom_der_zombie_body1_g_lowclean
xmodel,c_zom_der_zombie_body1_g_rlegoff
xmodel,c_zom_der_zombie_body2
xmodel,c_zom_der_zombie_body2_g_behead
xmodel,c_zom_der_zombie_body2_g_blegsoff
xmodel,c_zom_der_zombie_body2_g_larmoff
xmodel,c_zom_der_zombie_body2_g_llegoff
xmodel,c_zom_der_zombie_body2_g_lowclean
xmodel,c_zom_der_zombie_body2_g_rarmoff
xmodel,c_zom_der_zombie_body2_g_rlegoff
xmodel,c_zom_der_zombie_body2_g_upclean
xmodel,c_zom_der_zombie_head1
xmodel,c_zom_der_zombie_head2
xmodel,c_zom_der_zombie_head3
xmodel,c_zom_der_zombie_helmet1
xmodel,c_zom_zod_zombie_fem_body1_g_larmspawn
xmodel,c_zom_zod_zombie_fem_body1_g_llegspawn
xmodel,c_zom_zod_zombie_fem_body1_g_rarmspawn
xmodel,c_zom_zod_zombie_fem_body1_g_rlegspawn
xmodel,p6_anim_zm_barricade_board_01_upgrade
xmodel,p6_anim_zm_barricade_board_02_upgrade
xmodel,p6_anim_zm_barricade_board_03_upgrade
xmodel,p6_anim_zm_barricade_board_04_upgrade
xmodel,p6_anim_zm_barricade_board_05_upgrade
xmodel,p6_anim_zm_barricade_board_06_upgrade
xmodel,p6_la_scattered_rubble
xmodel,p7_ammo_pouch_g43
xmodel,p7_anim_zm_barricade_board_01
xmodel,p7_anim_zm_barricade_board_02
xmodel,p7_anim_zm_barricade_board_03
xmodel,p7_anim_zm_barricade_board_04
xmodel,p7_anim_zm_barricade_board_05
xmodel,p7_anim_zm_barricade_board_06
xmodel,p7_aqu_foliage_shrub_02
xmodel,p7_barbed_wire
xmodel,p7_barrel_metal_55gal
xmodel,p7_barrel_metal_55gal_green_drk_wet
xmodel,p7_barrel_vintage_wood_curvy_rusty_wet
xmodel,p7_box_case_metal_01_medium
xmodel,p7_cai_tank_trap
xmodel,p7_coffee_table_rectangle_wood_02_worn
xmodel,p7_couch_victorian_velvet_01_purple_worn
xmodel,p7_crate_wood_01_green
xmodel,p7_crate_wood_01_short
xmodel,p7_crate_wood_01_short_open
xmodel,p7_crate_wood_01_short_open_wet
xmodel,p7_crate_wood_03_open_dark
xmodel,p7_crate_wood_03_open_dark_wet
xmodel,p7_debris_rocks_loose_03
xmodel,p7_file_cab_metal_02
xmodel,p7_foliage_bush_sakaki_thick_02
xmodel,p7_foliage_grass_tall_cluster_med_sway
xmodel,p7_foliage_hedge_box_128_48_60
xmodel,p7_foliage_hedge_box_128_48_60_noplus
xmodel,p7_foliage_plant_lion_ear_flower_large
xmodel,p7_foliage_tree_birch_med_autumn
xmodel,p7_foliage_tree_birch_sml_green
xmodel,p7_foliage_tree_pine_03_vista
xmodel,p7_foliage_tree_ponderosa_pine_burnt_03
xmodel,p7_generator
xmodel,p7_light_hurricane_lamp
xmodel,p7_light_spotlight_generator_02
xmodel,p7_sandbag_01
xmodel,p7_sandbag_stack_32_middle_vista
xmodel,p7_sandbag_stack_44_middle
xmodel,p7_shelf_industrial_vintage_96
xmodel,p7_sin_patio_chair_worn
xmodel,p7_vld_telephone_pole_01
xmodel,p7_zm_der_light_hanging
xmodel,p7_zm_der_light_shade
xmodel,p7_zm_der_light_spot_housing_anim
xmodel,p7_zm_der_light_vacuum_tube
xmodel,p7_zm_der_pallet_wood_01
xmodel,p7_zm_der_radio_receiver
xmodel,p7_zm_zod_lantern_metal_01
xmodel,p_glo_barrel_metal_grey_old
xmodel,skybox_default_black
xmodel,skybox_default_day
xmodel,veh_t7_zmb_1931_truck_flatbed_black
xmodel,veh_t7_zmb_1931_truck_flatbed_blue
xmodel,veh_t7_zmb_1931_truck_flatbed_bolts_decal
xmodel,veh_t7_zmb_1931_truck_flatbed_headlights
xmodel,veh_t7_zmb_1931_truck_flatbed_planks
xmodel,veh_t7_zmb_1931_truck_flatbed_rain_decal
xmodel,veh_t7_zmb_1931_truck_flatbed_spokes
xmodel,veh_t7_zmb_1931_truck_flatbed_wheel
xmodel,zombietron_teleporter
xmodelmesh,c_zom_der_head_1_lod07552e3d7
xmodelmesh,c_zom_der_head_1_lod17b771400
xmodelmesh,c_zom_der_head_1_lod22a74f240
xmodelmesh,c_zom_der_head_1_lod3e650584c
xmodelmesh,c_zom_der_head_1_lod4c1179c01
xmodelmesh,c_zom_der_head_1_lod5943b21d9
xmodelmesh,c_zom_der_head_1_lod6229e2b02
xmodelmesh,c_zom_der_head_2_lod0c8b48a35
xmodelmesh,c_zom_der_head_2_lod1177e7cdd
xmodelmesh,c_zom_der_head_2_lod2900ea178
xmodelmesh,c_zom_der_head_2_lod367983df6
xmodelmesh,c_zom_der_head_2_lod410b5a201
xmodelmesh,c_zom_der_head_2_lod51fd00a8a
xmodelmesh,c_zom_der_head_2_lod66291cdde
xmodelmesh,c_zom_der_head_3_lod054897ad0
xmodelmesh,c_zom_der_head_3_lod14fa358f7
xmodelmesh,c_zom_der_head_3_lod22700a248
xmodelmesh,c_zom_der_head_3_lod3a9afee46
xmodelmesh,c_zom_der_head_3_lod4e605e8d0
xmodelmesh,c_zom_der_head_3_lod53d40255c
xmodelmesh,c_zom_der_head_3_lod6b8e32972
xmodelmesh,c_zom_der_helmet_1_lod0c32b1d6c
xmodelmesh,c_zom_der_helmet_1_lod1cc9d111
xmodelmesh,c_zom_der_helmet_1_lod275993693
xmodelmesh,c_zom_der_helmet_1_lod3cd13d004
xmodelmesh,c_zom_der_helmet_1_lod440e19ebe
xmodelmesh,c_zom_der_helmet_1_lod55a672d53
xmodelmesh,c_zom_der_helmet_1_lod6b584e3ce
xmodelmesh,c_zom_der_zombie_body1_g_behead_lod0d7f0846c
xmodelmesh,c_zom_der_zombie_body1_g_behead_lod173bede7d
xmodelmesh,c_zom_der_zombie_body1_g_behead_lod2e0f4e454
xmodelmesh,c_zom_der_zombie_body1_g_behead_lod373e83067
xmodelmesh,c_zom_der_zombie_body1_g_behead_lod4e68ab97e
xmodelmesh,c_zom_der_zombie_body1_g_behead_lod586d08846
xmodelmesh,c_zom_der_zombie_body1_g_behead_lod6cfec6cba
xmodelmesh,c_zom_der_zombie_body1_g_blegsoff_lod028e897ab
xmodelmesh,c_zom_der_zombie_body1_g_blegsoff_lod19524f698
xmodelmesh,c_zom_der_zombie_body1_g_blegsoff_lod26f0a12a7
xmodelmesh,c_zom_der_zombie_body1_g_blegsoff_lod3776ad7c0
xmodelmesh,c_zom_der_zombie_body1_g_blegsoff_lod4e6f7b2a0
xmodelmesh,c_zom_der_zombie_body1_g_blegsoff_lod52a8483e9
xmodelmesh,c_zom_der_zombie_body1_g_blegsoff_lod6d37207be
xmodelmesh,c_zom_der_zombie_body1_g_llegoff_lod09befef1e
xmodelmesh,c_zom_der_zombie_body1_g_llegoff_lod1692bb2a1
xmodelmesh,c_zom_der_zombie_body1_g_llegoff_lod2f7127018
xmodelmesh,c_zom_der_zombie_body1_g_llegoff_lod32993a276
xmodelmesh,c_zom_der_zombie_body1_g_llegoff_lod472b7e0e
xmodelmesh,c_zom_der_zombie_body1_g_llegoff_lod514b66699
xmodelmesh,c_zom_der_zombie_body1_g_llegoff_lod67f9aa231
xmodelmesh,c_zom_der_zombie_body1_g_lowclean_lod05d3964f8
xmodelmesh,c_zom_der_zombie_body1_g_lowclean_lod1d5459dbe
xmodelmesh,c_zom_der_zombie_body1_g_lowclean_lod2118693d3
xmodelmesh,c_zom_der_zombie_body1_g_lowclean_lod330d513fe
xmodelmesh,c_zom_der_zombie_body1_g_lowclean_lod41da35f97
xmodelmesh,c_zom_der_zombie_body1_g_lowclean_lod517213356
xmodelmesh,c_zom_der_zombie_body1_g_lowclean_lod6fa3102be
xmodelmesh,c_zom_der_zombie_body1_g_rlegoff_lod0db873496
xmodelmesh,c_zom_der_zombie_body1_g_rlegoff_lod1c39344cc
xmodelmesh,c_zom_der_zombie_body1_g_rlegoff_lod27cd40052
xmodelmesh,c_zom_der_zombie_body1_g_rlegoff_lod38bc72a63
xmodelmesh,c_zom_der_zombie_body1_g_rlegoff_lod4b95a1e19
xmodelmesh,c_zom_der_zombie_body1_g_rlegoff_lod5cb3b0646
xmodelmesh,c_zom_der_zombie_body1_g_rlegoff_lod659e69f26
xmodelmesh,c_zom_der_zombie_body2_g_behead_lod010ea455a
xmodelmesh,c_zom_der_zombie_body2_g_behead_lod1f439b647
xmodelmesh,c_zom_der_zombie_body2_g_behead_lod229208994
xmodelmesh,c_zom_der_zombie_body2_g_behead_lod35d09dd7e
xmodelmesh,c_zom_der_zombie_body2_g_behead_lod4adfd81c9
xmodelmesh,c_zom_der_zombie_body2_g_behead_lod592058fd9
xmodelmesh,c_zom_der_zombie_body2_g_behead_lod633e7b02c
xmodelmesh,c_zom_der_zombie_body2_g_blegsoff_lod01ffc0dd6
xmodelmesh,c_zom_der_zombie_body2_g_blegsoff_lod1365920cf
xmodelmesh,c_zom_der_zombie_body2_g_blegsoff_lod27f4952d3
xmodelmesh,c_zom_der_zombie_body2_g_blegsoff_lod3ddb198f9
xmodelmesh,c_zom_der_zombie_body2_g_blegsoff_lod4b5d88c29
xmodelmesh,c_zom_der_zombie_body2_g_blegsoff_lod5c35191e1
xmodelmesh,c_zom_der_zombie_body2_g_blegsoff_lod6fec7049e
xmodelmesh,c_zom_der_zombie_body2_g_larmoff_lod081b28073
xmodelmesh,c_zom_der_zombie_body2_g_larmoff_lod1c3f3b9ed
xmodelmesh,c_zom_der_zombie_body2_g_larmoff_lod25ae69e7
xmodelmesh,c_zom_der_zombie_body2_g_larmoff_lod3ae55bc96
xmodelmesh,c_zom_der_zombie_body2_g_larmoff_lod4d021f8b9
xmodelmesh,c_zom_der_zombie_body2_g_larmoff_lod54bc08c33
xmodelmesh,c_zom_der_zombie_body2_g_larmoff_lod611a802c9
xmodelmesh,c_zom_der_zombie_body2_g_llegoff_lod081901a33
xmodelmesh,c_zom_der_zombie_body2_g_llegoff_lod16b31acae
xmodelmesh,c_zom_der_zombie_body2_g_llegoff_lod26f41bbce
xmodelmesh,c_zom_der_zombie_body2_g_llegoff_lod3b27e2b15
xmodelmesh,c_zom_der_zombie_body2_g_llegoff_lod4501501a8
xmodelmesh,c_zom_der_zombie_body2_g_llegoff_lod51fe99774
xmodelmesh,c_zom_der_zombie_body2_g_llegoff_lod6a21441c3
xmodelmesh,c_zom_der_zombie_body2_g_lowclean_lod0cd620c1c
xmodelmesh,c_zom_der_zombie_body2_g_lowclean_lod1c0634905
xmodelmesh,c_zom_der_zombie_body2_g_lowclean_lod2fda2a6ea
xmodelmesh,c_zom_der_zombie_body2_g_lowclean_lod364af3fa9
xmodelmesh,c_zom_der_zombie_body2_g_lowclean_lod42f32ddfb
xmodelmesh,c_zom_der_zombie_body2_g_lowclean_lod5bcac4582
xmodelmesh,c_zom_der_zombie_body2_g_lowclean_lod69154bfa3
xmodelmesh,c_zom_der_zombie_body2_g_rarmoff_lod0eb7c587f
xmodelmesh,c_zom_der_zombie_body2_g_rarmoff_lod1b213be08
xmodelmesh,c_zom_der_zombie_body2_g_rarmoff_lod2bc7fae3e
xmodelmesh,c_zom_der_zombie_body2_g_rarmoff_lod3968192d5
xmodelmesh,c_zom_der_zombie_body2_g_rarmoff_lod47cf4ad5c
xmodelmesh,c_zom_der_zombie_body2_g_rarmoff_lod51d65bb91
xmodelmesh,c_zom_der_zombie_body2_g_rarmoff_lod6decb6687
xmodelmesh,c_zom_der_zombie_body2_g_rlegoff_lod0ff39e779
xmodelmesh,c_zom_der_zombie_body2_g_rlegoff_lod19214c0d0
xmodelmesh,c_zom_der_zombie_body2_g_rlegoff_lod27b186e2f
xmodelmesh,c_zom_der_zombie_body2_g_rlegoff_lod3e6d99ea9
xmodelmesh,c_zom_der_zombie_body2_g_rlegoff_lod4f6abfafb
xmodelmesh,c_zom_der_zombie_body2_g_rlegoff_lod52ab33a06
xmodelmesh,c_zom_der_zombie_body2_g_rlegoff_lod6760fa259
xmodelmesh,c_zom_der_zombie_body2_g_upclean_lod0ae31c5f0
xmodelmesh,c_zom_der_zombie_body2_g_upclean_lod15dd11b40
xmodelmesh,c_zom_der_zombie_body2_g_upclean_lod28bd32b62
xmodelmesh,c_zom_der_zombie_body2_g_upclean_lod3393e0449
xmodelmesh,c_zom_der_zombie_body2_g_upclean_lod480e47024
xmodelmesh,c_zom_der_zombie_body2_g_upclean_lod55a397dd2
xmodelmesh,c_zom_der_zombie_body2_g_upclean_lod6e453bc68
xmodelmesh,c_zom_der_zombie_body2_lod0625bcf45
xmodelmesh,c_zom_der_zombie_body2_lod1e0ffb6c2
xmodelmesh,c_zom_der_zombie_body2_lod2be130d8a
xmodelmesh,c_zom_der_zombie_body2_lod344dafc87
xmodelmesh,c_zom_der_zombie_body2_lod4a9a1848d
xmodelmesh,c_zom_der_zombie_body2_lod5a94cdd4d
xmodelmesh,c_zom_der_zombie_body2_lod6476855ed
xmodelmesh,c_zom_zod_zombie_fem_body1_g_larmspawn_lod0504c0b52
xmodelmesh,c_zom_zod_zombie_fem_body1_g_larmspawn_lod0539c617e
xmodelmesh,c_zom_zod_zombie_fem_body1_g_larmspawn_lod0567f2c88
xmodelmesh,c_zom_zod_zombie_fem_body1_g_larmspawn_lod06611811f
xmodelmesh,c_zom_zod_zombie_fem_body1_g_larmspawn_lod071ee3647
xmodelmesh,c_zom_zod_zombie_fem_body1_g_larmspawn_lod0b5e99667
xmodelmesh,c_zom_zod_zombie_fem_body1_g_larmspawn_lod0e0592c13
xmodelmesh,c_zom_zod_zombie_fem_body1_g_larmspawn_lod0f35667dd
xmodelmesh,c_zom_zod_zombie_fem_body1_g_llegspawn_lod02a259e13
xmodelmesh,c_zom_zod_zombie_fem_body1_g_llegspawn_lod034c88b59
xmodelmesh,c_zom_zod_zombie_fem_body1_g_llegspawn_lod041c78fa2
xmodelmesh,c_zom_zod_zombie_fem_body1_g_llegspawn_lod044d1d262
xmodelmesh,c_zom_zod_zombie_fem_body1_g_llegspawn_lod056fb478
xmodelmesh,c_zom_zod_zombie_fem_body1_g_llegspawn_lod0cb3aa1bd
xmodelmesh,c_zom_zod_zombie_fem_body1_g_llegspawn_lod0d8f17acf
xmodelmesh,c_zom_zod_zombie_fem_body1_g_llegspawn_lod0ed640c28
xmodelmesh,c_zom_zod_zombie_fem_body1_g_rarmspawn_lod015c23f93
xmodelmesh,c_zom_zod_zombie_fem_body1_g_rarmspawn_lod02f5eed13
xmodelmesh,c_zom_zod_zombie_fem_body1_g_rarmspawn_lod05223ef7a
xmodelmesh,c_zom_zod_zombie_fem_body1_g_rarmspawn_lod075527b40
xmodelmesh,c_zom_zod_zombie_fem_body1_g_rarmspawn_lod08155b704
xmodelmesh,c_zom_zod_zombie_fem_body1_g_rarmspawn_lod08fd8a2fc
xmodelmesh,c_zom_zod_zombie_fem_body1_g_rarmspawn_lod0be021e3f
xmodelmesh,c_zom_zod_zombie_fem_body1_g_rarmspawn_lod0cc3184d5
xmodelmesh,c_zom_zod_zombie_fem_body1_g_rlegspawn_lod01414fc82
xmodelmesh,c_zom_zod_zombie_fem_body1_g_rlegspawn_lod019d1b9e0
xmodelmesh,c_zom_zod_zombie_fem_body1_g_rlegspawn_lod03da2116b
xmodelmesh,c_zom_zod_zombie_fem_body1_g_rlegspawn_lod053f29eef
xmodelmesh,c_zom_zod_zombie_fem_body1_g_rlegspawn_lod0c5acd6f
xmodelmesh,c_zom_zod_zombie_fem_body1_g_rlegspawn_lod0c7aec304
xmodelmesh,c_zom_zod_zombie_fem_body1_g_rlegspawn_lod0d0f95c7e
xmodelmesh,c_zom_zod_zombie_fem_body1_g_rlegspawn_lod0e81c06d8
xmodelmesh,p6_anim_zm_barricade_board_01_upgrade_lod05874aac2
xmodelmesh,p6_anim_zm_barricade_board_01_upgrade_lod17444bd68
xmodelmesh,p6_anim_zm_barricade_board_01_upgrade_lod2785e9a20
xmodelmesh,p6_anim_zm_barricade_board_02_upgrade_lod08f751df3
xmodelmesh,p6_anim_zm_barricade_board_02_upgrade_lod1ea3323ef
xmodelmesh,p6_anim_zm_barricade_board_02_upgrade_lod2676d82b2
xmodelmesh,p6_anim_zm_barricade_board_03_upgrade_lod02976caf3
xmodelmesh,p6_anim_zm_barricade_board_03_upgrade_lod1f8fe4790
xmodelmesh,p6_anim_zm_barricade_board_03_upgrade_lod25e7845a0
xmodelmesh,p6_anim_zm_barricade_board_04_upgrade_lod09f027b1c
xmodelmesh,p6_anim_zm_barricade_board_04_upgrade_lod1e4b02287
xmodelmesh,p6_anim_zm_barricade_board_04_upgrade_lod2b8bb9c80
xmodelmesh,p6_anim_zm_barricade_board_05_upgrade_lod05874aac2
xmodelmesh,p6_anim_zm_barricade_board_05_upgrade_lod17444bd68
xmodelmesh,p6_anim_zm_barricade_board_05_upgrade_lod2785e9a20
xmodelmesh,p6_anim_zm_barricade_board_06_upgrade_lod09f027b1c
xmodelmesh,p6_anim_zm_barricade_board_06_upgrade_lod1e4b02287
xmodelmesh,p6_anim_zm_barricade_board_06_upgrade_lod2b8bb9c80
xmodelmesh,p6_la_scattered_rubble_lod02637c178
xmodelmesh,p6_la_scattered_rubble_lod02cd2e998
xmodelmesh,p6_la_scattered_rubble_lod04195e046
xmodelmesh,p6_la_scattered_rubble_lod096dcd215
xmodelmesh,p6_la_scattered_rubble_lod0b1c4e40d
xmodelmesh,p6_la_scattered_rubble_lod0b4609d6f
xmodelmesh,p6_la_scattered_rubble_lod0bbdbd8f4
xmodelmesh,p6_la_scattered_rubble_lod0d6a600b8
xmodelmesh,p7_ammo_pouch_g43_lod026ed9011
xmodelmesh,p7_ammo_pouch_g43_lod06101084
xmodelmesh,p7_ammo_pouch_g43_lod063559bc3
xmodelmesh,p7_ammo_pouch_g43_lod06402dedc
xmodelmesh,p7_ammo_pouch_g43_lod0776c20b8
xmodelmesh,p7_ammo_pouch_g43_lod0d6d16006
xmodelmesh,p7_ammo_pouch_g43_lod0ed27ac88
xmodelmesh,p7_ammo_pouch_g43_lod0fba01f5f
xmodelmesh,p7_anim_zm_barricade_board_01_cole0f4e1d7
xmodelmesh,p7_anim_zm_barricade_board_01_lod0412080cf
xmodelmesh,p7_anim_zm_barricade_board_01_lod07626f791
xmodelmesh,p7_anim_zm_barricade_board_01_lod076cf1ef
xmodelmesh,p7_anim_zm_barricade_board_01_lod080d2d065
xmodelmesh,p7_anim_zm_barricade_board_01_lod08c31ae6e
xmodelmesh,p7_anim_zm_barricade_board_01_lod0bc86ed6b
xmodelmesh,p7_anim_zm_barricade_board_01_lod0db85d7d7
xmodelmesh,p7_anim_zm_barricade_board_01_lod0eadb8602
xmodelmesh,p7_anim_zm_barricade_board_02_col579fb52f
xmodelmesh,p7_anim_zm_barricade_board_02_lod014b845ac
xmodelmesh,p7_anim_zm_barricade_board_02_lod0491df694
xmodelmesh,p7_anim_zm_barricade_board_02_lod04fcaf952
xmodelmesh,p7_anim_zm_barricade_board_02_lod05e09503c
xmodelmesh,p7_anim_zm_barricade_board_02_lod0604c4d57
xmodelmesh,p7_anim_zm_barricade_board_02_lod06d33a86a
xmodelmesh,p7_anim_zm_barricade_board_02_lod0f2a4a649
xmodelmesh,p7_anim_zm_barricade_board_03_col13e5e318
xmodelmesh,p7_anim_zm_barricade_board_03_lod017d3dfbc
xmodelmesh,p7_anim_zm_barricade_board_03_lod01892047
xmodelmesh,p7_anim_zm_barricade_board_03_lod0790338f9
xmodelmesh,p7_anim_zm_barricade_board_03_lod0c46edce2
xmodelmesh,p7_anim_zm_barricade_board_03_lod0cbe10f4f
xmodelmesh,p7_anim_zm_barricade_board_03_lod0e436a2ad
xmodelmesh,p7_anim_zm_barricade_board_03_lod0fae16b96
xmodelmesh,p7_anim_zm_barricade_board_04_colda1f5f44
xmodelmesh,p7_anim_zm_barricade_board_04_lod01e93d5f
xmodelmesh,p7_anim_zm_barricade_board_04_lod05fa4f805
xmodelmesh,p7_anim_zm_barricade_board_04_lod06f193cd1
xmodelmesh,p7_anim_zm_barricade_board_04_lod0868fcf4e
xmodelmesh,p7_anim_zm_barricade_board_04_lod08bec52e8
xmodelmesh,p7_anim_zm_barricade_board_04_lod0bb3edfb6
xmodelmesh,p7_anim_zm_barricade_board_04_lod0f3b15342
xmodelmesh,p7_anim_zm_barricade_board_04_lod0fcb92db7
xmodelmesh,p7_anim_zm_barricade_board_05_col16c1373
xmodelmesh,p7_anim_zm_barricade_board_05_lod036c33cfe
xmodelmesh,p7_anim_zm_barricade_board_05_lod0535cbe9f
xmodelmesh,p7_anim_zm_barricade_board_05_lod0543f9a9a
xmodelmesh,p7_anim_zm_barricade_board_05_lod097777f8b
xmodelmesh,p7_anim_zm_barricade_board_05_lod09bc63c35
xmodelmesh,p7_anim_zm_barricade_board_05_lod0c0d9e76c
xmodelmesh,p7_anim_zm_barricade_board_05_lod0c7707369
xmodelmesh,p7_anim_zm_barricade_board_06_col77485ff6
xmodelmesh,p7_anim_zm_barricade_board_06_lod010010904
xmodelmesh,p7_anim_zm_barricade_board_06_lod036ecd2a1
xmodelmesh,p7_anim_zm_barricade_board_06_lod059c20517
xmodelmesh,p7_anim_zm_barricade_board_06_lod08f8bba21
xmodelmesh,p7_anim_zm_barricade_board_06_lod0ae9daec0
xmodelmesh,p7_anim_zm_barricade_board_06_lod0cfc142cf
xmodelmesh,p7_anim_zm_barricade_board_06_lod0f4c004fa
xmodelmesh,p7_aqu_foliage_shrub_02_lod04de2bc9e
xmodelmesh,p7_aqu_foliage_shrub_02_lod0612078eb
xmodelmesh,p7_aqu_foliage_shrub_02_lod0e5037e44
xmodelmesh,p7_aqu_foliage_shrub_02_lod0e86620ab
xmodelmesh,p7_aqu_foliage_shrub_02_lod0eab3daa0
xmodelmesh,p7_barbed_wire_col205a34ba
xmodelmesh,p7_barbed_wire_lod075fd525
xmodelmesh,p7_barbed_wire_lod17c093299
xmodelmesh,p7_barbed_wire_lod2a11e7275
xmodelmesh,p7_barbed_wire_lod320f6ba70
xmodelmesh,p7_barbed_wire_lod43a6f7dc3
xmodelmesh,p7_barbed_wire_lod51bf6bdf0
xmodelmesh,p7_barbed_wire_lod624d7c18
xmodelmesh,p7_barbed_wire_lod6c20889e4
xmodelmesh,p7_barrel_metal_55gal_col57ae4944
xmodelmesh,p7_barrel_metal_55gal_lod0bf39acd8
xmodelmesh,p7_barrel_metal_55gal_lod133e00cfa
xmodelmesh,p7_barrel_metal_55gal_lod16a6b55b0
xmodelmesh,p7_barrel_metal_55gal_lod19782b90f
xmodelmesh,p7_barrel_metal_55gal_lod1d072f6f7
xmodelmesh,p7_barrel_metal_55gal_lod1fdbc47ce
xmodelmesh,p7_barrel_vintage_wood_curvy_lod03c0c44d4
xmodelmesh,p7_barrel_vintage_wood_curvy_lod044c615bd
xmodelmesh,p7_barrel_vintage_wood_curvy_lod0523256ea
xmodelmesh,p7_barrel_vintage_wood_curvy_lod05f5d223e
xmodelmesh,p7_barrel_vintage_wood_curvy_lod06cb0374
xmodelmesh,p7_barrel_vintage_wood_curvy_lod06ef2ef5e
xmodelmesh,p7_barrel_vintage_wood_curvy_lod080450a71
xmodelmesh,p7_box_case_metal_01_medium_col80efe00
xmodelmesh,p7_box_case_metal_01_medium_lod04a3d046e
xmodelmesh,p7_box_case_metal_01_medium_lod053d3cc2e
xmodelmesh,p7_box_case_metal_01_medium_lod08a8c1be1
xmodelmesh,p7_box_case_metal_01_medium_lod0ad43dd3a
xmodelmesh,p7_box_case_metal_01_medium_lod0bab37381
xmodelmesh,p7_box_case_metal_01_medium_lod0d4d1ff3d
xmodelmesh,p7_box_case_metal_01_medium_lod0d60563a0
xmodelmesh,p7_box_case_metal_01_medium_lod0d767df5e
xmodelmesh,p7_cai_tank_trap_col361dd85
xmodelmesh,p7_cai_tank_trap_lod052c95616
xmodelmesh,p7_cai_tank_trap_lod09970670a
xmodelmesh,p7_cai_tank_trap_lod0a320fcd4
xmodelmesh,p7_coffee_table_rectangle_wood_02_worn_col79ea947c
xmodelmesh,p7_coffee_table_rectangle_wood_02_worn_lod0a3bee419
xmodelmesh,p7_coffee_table_rectangle_wood_02_worn_lod1728d7347
xmodelmesh,p7_coffee_table_rectangle_wood_02_worn_lod2f37b1954
xmodelmesh,p7_coffee_table_rectangle_wood_02_worn_lod32d19d272
xmodelmesh,p7_coffee_table_rectangle_wood_02_worn_lod486cc50ae
xmodelmesh,p7_coffee_table_rectangle_wood_02_worn_lod5907d8f45
xmodelmesh,p7_couch_victorian_velvet_01_green_col46acfa06
xmodelmesh,p7_couch_victorian_velvet_01_green_worn_lod16edb1731
xmodelmesh,p7_couch_victorian_velvet_01_green_worn_lod23990589e
xmodelmesh,p7_couch_victorian_velvet_01_green_worn_lod34752ca26
xmodelmesh,p7_couch_victorian_velvet_01_green_worn_lod4ae5b6c96
xmodelmesh,p7_couch_victorian_velvet_01_green_worn_lod51a3fe0da
xmodelmesh,p7_couch_victorian_velvet_01_green_worn_lod613cd57bb
xmodelmesh,p7_crate_wood_01_colada0c9d4
xmodelmesh,p7_crate_wood_01_lod041ba3a92
xmodelmesh,p7_crate_wood_01_lod1de67d559
xmodelmesh,p7_crate_wood_01_lod219d048eb
xmodelmesh,p7_crate_wood_01_lod29791f391
xmodelmesh,p7_crate_wood_01_lod29a1133d8
xmodelmesh,p7_crate_wood_01_short_col7835c76c
xmodelmesh,p7_crate_wood_01_short_lod08ce20541
xmodelmesh,p7_crate_wood_01_short_lod15a54ef22
xmodelmesh,p7_crate_wood_01_short_lod252495851
xmodelmesh,p7_crate_wood_01_short_lod26499724f
xmodelmesh,p7_crate_wood_01_short_lod29dcaf9c0
xmodelmesh,p7_crate_wood_01_short_lod2fabbee50
xmodelmesh,p7_crate_wood_01_short_open_col1db73dfc
xmodelmesh,p7_crate_wood_01_short_open_lod01c48a576
xmodelmesh,p7_crate_wood_01_short_open_lod1a2c7c16d
xmodelmesh,p7_crate_wood_01_short_open_lod29950eed5
xmodelmesh,p7_crate_wood_01_short_open_lod2a8be784c
xmodelmesh,p7_crate_wood_01_short_open_lod2c979cf7b
xmodelmesh,p7_crate_wood_01_short_open_lod2f6b31334
xmodelmesh,p7_crate_wood_03_open_cola5d1f477
xmodelmesh,p7_crate_wood_03_open_lod013e4a545
xmodelmesh,p7_crate_wood_03_open_lod055d06d9e
xmodelmesh,p7_crate_wood_03_open_lod079443b9d
xmodelmesh,p7_crate_wood_03_open_lod09a945fae
xmodelmesh,p7_crate_wood_03_open_lod0eb1ee902
xmodelmesh,p7_crate_wood_03_open_lod0fd2ac915
xmodelmesh,p7_debris_coal_loose_03_lod041ec9a86
xmodelmesh,p7_debris_coal_loose_03_lod0544274c2
xmodelmesh,p7_debris_coal_loose_03_lod056754b73
xmodelmesh,p7_debris_coal_loose_03_lod08d4965d9
xmodelmesh,p7_debris_coal_loose_03_lod097fa08e3
xmodelmesh,p7_debris_coal_loose_03_lod09ed58926
xmodelmesh,p7_debris_coal_loose_03_lod0b2f7faa
xmodelmesh,p7_file_cab_metal_02_col180c3eb2
xmodelmesh,p7_file_cab_metal_02_lod0f8aa5f09
xmodelmesh,p7_file_cab_metal_02_lod19cd85588
xmodelmesh,p7_file_cab_metal_02_lod238508243
xmodelmesh,p7_file_cab_metal_02_lod32307d8bc
xmodelmesh,p7_file_cab_metal_02_lod44d15d97d
xmodelmesh,p7_foliage_bush_sakaki_thick_02_lod245a7c431
xmodelmesh,p7_foliage_bush_sakaki_thick_02_lod37b371766
xmodelmesh,p7_foliage_bush_sakaki_thick_02_lod4957b6d7a
xmodelmesh,p7_foliage_bush_sakaki_thick_02_lod530bb974
xmodelmesh,p7_foliage_bush_sakaki_thick_02_lod58a67564d
xmodelmesh,p7_foliage_grass_tall_cluster_med_lod05df7a41
xmodelmesh,p7_foliage_grass_tall_cluster_med_lod0612f5e19
xmodelmesh,p7_foliage_grass_tall_cluster_med_lod068b5111f
xmodelmesh,p7_foliage_grass_tall_cluster_med_lod0b0f67b5b
xmodelmesh,p7_foliage_grass_tall_cluster_med_lod0d5ca431e
xmodelmesh,p7_foliage_grass_tall_cluster_med_lod0fa0d3266
xmodelmesh,p7_foliage_hedge_box_128_48_60_lod137420c97
xmodelmesh,p7_foliage_hedge_box_128_48_60_lod14e41679
xmodelmesh,p7_foliage_hedge_box_128_48_60_lod177644d32
xmodelmesh,p7_foliage_hedge_box_128_48_60_lod17eaf77e1
xmodelmesh,p7_foliage_hedge_box_128_48_60_lod1833de560
xmodelmesh,p7_foliage_hedge_box_128_48_60_lod184fa247d
xmodelmesh,p7_foliage_hedge_box_128_48_60_lod1897b41c7
xmodelmesh,p7_foliage_hedge_box_128_48_60_lod1ce629cc2
xmodelmesh,p7_foliage_plant_meskel_1_lod03d33dd00
xmodelmesh,p7_foliage_plant_meskel_1_lod127a2d252
xmodelmesh,p7_foliage_plant_meskel_1_lod290d604e7
xmodelmesh,p7_foliage_plant_meskel_1_lod3428b1dbb
xmodelmesh,p7_foliage_plant_meskel_1_lod4ae2fd78e
xmodelmesh,p7_foliage_plant_meskel_1_lod564b1cdac
xmodelmesh,p7_foliage_plant_meskel_1_lod5ccb8f005
xmodelmesh,p7_foliage_plant_meskel_1_lod5df1383a7
xmodelmesh,p7_foliage_tree_birch_med_green_snow_lod038f9905
xmodelmesh,p7_foliage_tree_birch_med_green_snow_lod195540be2
xmodelmesh,p7_foliage_tree_birch_med_green_snow_lod2ebd783bc
xmodelmesh,p7_foliage_tree_birch_med_green_snow_lod3eb334095
xmodelmesh,p7_foliage_tree_birch_med_green_snow_lod4181f7818
xmodelmesh,p7_foliage_tree_birch_med_green_snow_lod579956a0b
xmodelmesh,p7_foliage_tree_birch_sml_green_lod0be9bdb6f
xmodelmesh,p7_foliage_tree_birch_sml_green_lod1e5403e54
xmodelmesh,p7_foliage_tree_birch_sml_green_lod2331656e1
xmodelmesh,p7_foliage_tree_birch_sml_green_lod3b9d1cc9a
xmodelmesh,p7_foliage_tree_birch_sml_green_lod4afa6c226
xmodelmesh,p7_foliage_tree_birch_sml_green_lod51adb4981
xmodelmesh,p7_foliage_tree_pine_vista_03_lod0c391aed4
xmodelmesh,p7_foliage_tree_ponderosa_pine_burnt_03_lod0c7cba545
xmodelmesh,p7_foliage_tree_ponderosa_pine_burnt_03_lod1297481dd
xmodelmesh,p7_foliage_tree_ponderosa_pine_burnt_03_lod29155b73d
xmodelmesh,p7_foliage_tree_ponderosa_pine_burnt_03_lod35be9c0da
xmodelmesh,p7_foliage_tree_ponderosa_pine_burnt_03_lod41fcdbb6
xmodelmesh,p7_foliage_tree_ponderosa_pine_burnt_03_lod4b2d69c5
xmodelmesh,p7_foliage_tree_ponderosa_pine_burnt_03_lod4d2267300
xmodelmesh,p7_foliage_tree_ponderosa_pine_burnt_03_lod4e94b21ae
xmodelmesh,p7_generator_lod0f0d71cc7
xmodelmesh,p7_generator_lod1698691ae
xmodelmesh,p7_generator_lod2eb1f56e2
xmodelmesh,p7_generator_lod3635996b
xmodelmesh,p7_generator_lod3a09c9367
xmodelmesh,p7_light_hurricane_lamp_cola0820665
xmodelmesh,p7_light_hurricane_lamp_lod12ce2f4b8
xmodelmesh,p7_light_hurricane_lamp_lod13fd08fc4
xmodelmesh,p7_light_hurricane_lamp_lod159f881f5
xmodelmesh,p7_light_hurricane_lamp_lod17d7ebd89
xmodelmesh,p7_light_hurricane_lamp_lod1c12a7de5
xmodelmesh,p7_light_hurricane_lamp_lod1c4348eb6
xmodelmesh,p7_light_hurricane_lamp_lod1d3d020b9
xmodelmesh,p7_light_hurricane_lamp_lod1de3fd994
xmodelmesh,p7_light_spotlight_generator_02_lod09b548c7c
xmodelmesh,p7_light_spotlight_generator_02_lod12de719cf
xmodelmesh,p7_light_spotlight_generator_02_lod22983eb54
xmodelmesh,p7_light_spotlight_generator_02_lod3d9e01ade
xmodelmesh,p7_light_spotlight_generator_02_lod3dbe8bcec
xmodelmesh,p7_light_spotlight_generator_02_lod3f65c2ed6
xmodelmesh,p7_pole_telephone_whole_lod096dae897
xmodelmesh,p7_pole_telephone_whole_lod143fb29eb
xmodelmesh,p7_pole_telephone_whole_lod2f315a2b0
xmodelmesh,p7_pole_telephone_whole_lod3178d5f9a
xmodelmesh,p7_pole_telephone_whole_lod4df6ce8b6
xmodelmesh,p7_pole_telephone_whole_lod5550723e4
xmodelmesh,p7_sandbag_01_cola226f0b8
xmodelmesh,p7_sandbag_01_lod41eafa42
xmodelmesh,p7_sandbag_01_lod427c01ec1
xmodelmesh,p7_sandbag_01_lod4314a62f7
xmodelmesh,p7_sandbag_01_lod438a72bc1
xmodelmesh,p7_sandbag_01_lod49fdaee77
xmodelmesh,p7_sandbag_01_lod4ca894362
xmodelmesh,p7_sandbag_stack_32_middle_colf95210a7
xmodelmesh,p7_sandbag_stack_32_middle_vista_lod0610259db
xmodelmesh,p7_sandbag_stack_32_middle_vista_lod065106abe
xmodelmesh,p7_sandbag_stack_32_middle_vista_lod068fdb92c
xmodelmesh,p7_sandbag_stack_32_middle_vista_lod08f4d1e36
xmodelmesh,p7_sandbag_stack_32_middle_vista_lod098ca5112
xmodelmesh,p7_sandbag_stack_32_middle_vista_lod0c472b1ac
xmodelmesh,p7_sandbag_stack_32_middle_vista_lod0f6f16c71
xmodelmesh,p7_sandbag_stack_32_middle_vista_lod0f729e9aa
xmodelmesh,p7_sandbag_stack_44_middle_col732c1d4c
xmodelmesh,p7_sandbag_stack_44_middle_lod412ca4f6e
xmodelmesh,p7_sandbag_stack_44_middle_lod42aa2ac05
xmodelmesh,p7_sandbag_stack_44_middle_lod42e484f85
xmodelmesh,p7_sandbag_stack_44_middle_lod432c69c53
xmodelmesh,p7_sandbag_stack_44_middle_lod441485a0b
xmodelmesh,p7_sandbag_stack_44_middle_lod443011589
xmodelmesh,p7_sandbag_stack_44_middle_lod473373072
xmodelmesh,p7_sandbag_stack_44_middle_lod4ed5a4b8f
xmodelmesh,p7_shelf_industrial_vintage_96_col1f3c45d4
xmodelmesh,p7_shelf_industrial_vintage_96_lod029151e75
xmodelmesh,p7_shelf_industrial_vintage_96_lod1740f3215
xmodelmesh,p7_shelf_industrial_vintage_96_lod2ccae19cb
xmodelmesh,p7_shelf_industrial_vintage_96_lod317546b40
xmodelmesh,p7_shelf_industrial_vintage_96_lod460065baa
xmodelmesh,p7_shelf_industrial_vintage_96_lod47c1660ac
xmodelmesh,p7_sin_patio_chair_worn_col396345c4
xmodelmesh,p7_sin_patio_chair_worn_lod0235f3ed
xmodelmesh,p7_sin_patio_chair_worn_lod07e6059b0
xmodelmesh,p7_sin_patio_chair_worn_lod085f9fc95
xmodelmesh,p7_sin_patio_chair_worn_lod09f87bd01
xmodelmesh,p7_sin_patio_chair_worn_lod4af68deb1
xmodelmesh,p7_sin_patio_chair_worn_lod557a4c321
xmodelmesh,p7_sin_patio_chair_worn_lod671dfd9d
xmodelmesh,p7_sin_patio_chair_worn_lod7ac8ba3e5
xmodelmesh,p7_zm_der_light_pole_lod0cc66b2d0
xmodelmesh,p7_zm_der_light_pole_lod1cbe3410b
xmodelmesh,p7_zm_der_light_pole_lod26e5b4fbe
xmodelmesh,p7_zm_der_light_shade_col8c71906
xmodelmesh,p7_zm_der_light_shade_lod01e39219a
xmodelmesh,p7_zm_der_light_shade_lod06f265e04
xmodelmesh,p7_zm_der_light_shade_lod077d7b7ac
xmodelmesh,p7_zm_der_light_shade_lod07ea56e7c
xmodelmesh,p7_zm_der_light_shade_lod0b2e1bb86
xmodelmesh,p7_zm_der_light_shade_lod0c2bff678
xmodelmesh,p7_zm_der_light_shade_lod0e2cd8a47
xmodelmesh,p7_zm_der_light_shade_lod0f21d8c5e
xmodelmesh,p7_zm_der_light_spot_housing_anim_lod021c4bef
xmodelmesh,p7_zm_der_light_spot_housing_anim_lod056a744e6
xmodelmesh,p7_zm_der_light_spot_housing_anim_lod0589771ad
xmodelmesh,p7_zm_der_light_spot_housing_anim_lod094c14fc8
xmodelmesh,p7_zm_der_light_spot_housing_anim_lod09fffd93c
xmodelmesh,p7_zm_der_light_spot_housing_anim_lod0baf40bf9
xmodelmesh,p7_zm_der_light_spot_housing_anim_lod0c4f97404
xmodelmesh,p7_zm_der_light_spot_housing_anim_lod0eb8a0471
xmodelmesh,p7_zm_der_light_spot_housing_col13079345
xmodelmesh,p7_zm_der_light_vacuum_tube_col23a5cc25
xmodelmesh,p7_zm_der_light_vacuum_tube_lod01c7e465f
xmodelmesh,p7_zm_der_light_vacuum_tube_lod04476d1da
xmodelmesh,p7_zm_der_light_vacuum_tube_lod067c7725e
xmodelmesh,p7_zm_der_light_vacuum_tube_lod07357df39
xmodelmesh,p7_zm_der_light_vacuum_tube_lod09aefe783
xmodelmesh,p7_zm_der_light_vacuum_tube_lod0a8f456c
xmodelmesh,p7_zm_der_light_vacuum_tube_lod0cc0ac4c5
xmodelmesh,p7_zm_der_light_vacuum_tube_lod0edfd3c0e
xmodelmesh,p7_zm_der_pallet_wood_01_lod016f93036
xmodelmesh,p7_zm_der_pallet_wood_01_lod01d242434
xmodelmesh,p7_zm_der_pallet_wood_01_lod03a392f5e
xmodelmesh,p7_zm_der_pallet_wood_01_lod053e6c604
xmodelmesh,p7_zm_der_pallet_wood_01_lod0554de95a
xmodelmesh,p7_zm_der_pallet_wood_01_lod07d648dc0
xmodelmesh,p7_zm_der_pallet_wood_01_lod0b9299831
xmodelmesh,p7_zm_der_pallet_wood_01_lod0ff15e965
xmodelmesh,p7_zm_der_radio_receiver_lod0a6515371
xmodelmesh,p7_zm_der_radio_receiver_lod1a6656f06
xmodelmesh,p7_zm_der_radio_receiver_lod2908502
xmodelmesh,p7_zm_der_radio_receiver_lod3ed8c1b23
xmodelmesh,p7_zm_der_radio_receiver_lod420cc9841
xmodelmesh,p7_zm_der_radio_receiver_lod42a745c0c
xmodelmesh,p7_zm_der_radio_receiver_lod4706f7c65
xmodelmesh,p7_zm_der_radio_receiver_lod4fce749ff
xmodelmesh,p7_zm_zod_lantern_metal_01_col3ebe60b1
xmodelmesh,p7_zm_zod_lantern_metal_01_lod03d761a18
xmodelmesh,p7_zm_zod_lantern_metal_01_lod04bfb01c7
xmodelmesh,p7_zm_zod_lantern_metal_01_lod0935cb107
xmodelmesh,p7_zm_zod_lantern_metal_01_lod09514027a
xmodelmesh,p7_zm_zod_lantern_metal_01_lod09a05e746
xmodelmesh,p7_zm_zod_lantern_metal_01_lod0c427c663
xmodelmesh,p7_zm_zod_lantern_metal_01_lod0e2e88b5f
xmodelmesh,p7_zm_zombietron_teleporter_base_lod025b87387
xmodelmesh,p7_zm_zombietron_teleporter_base_lod031348683
xmodelmesh,p7_zm_zombietron_teleporter_base_lod04a7a4468
xmodelmesh,p7_zm_zombietron_teleporter_base_lod060474e50
xmodelmesh,p7_zm_zombietron_teleporter_base_lod065bc5c41
xmodelmesh,p7_zm_zombietron_teleporter_base_lod072c28926
xmodelmesh,p7_zm_zombietron_teleporter_base_lod0a418b101
xmodelmesh,p7_zm_zombietron_teleporter_base_lod0dff5928d
xmodelmesh,p_glo_barrels_metal_old_lod0b2e477b9
xmodelmesh,t6_skyboxfb7b39d6
xmodelmesh,veh_t7_zmb_1931_flatbed_headlights_lod0345d85b6
xmodelmesh,veh_t7_zmb_1931_flatbed_headlights_lod0397394aa
xmodelmesh,veh_t7_zmb_1931_flatbed_headlights_lod074a49d18
xmodelmesh,veh_t7_zmb_1931_flatbed_headlights_lod0869826c5
xmodelmesh,veh_t7_zmb_1931_flatbed_headlights_lod08d378cd8
xmodelmesh,veh_t7_zmb_1931_flatbed_headlights_lod094bbf651
xmodelmesh,veh_t7_zmb_1931_flatbed_headlights_lod0dcaa3eab
xmodelmesh,veh_t7_zmb_1931_flatbed_headlights_lod0efd6f504
xmodelmesh,veh_t7_zmb_1931_flatbed_planks_lod06317e5b4
xmodelmesh,veh_t7_zmb_1931_flatbed_planks_lod0eaeca391
xmodelmesh,veh_t7_zmb_1931_flatbed_planks_lod0f88064aa
xmodelmesh,veh_t7_zmb_1931_flatbed_wheel_lod04b09f700
xmodelmesh,veh_t7_zmb_1931_flatbed_wheel_lod0936b15c6
xmodelmesh,veh_t7_zmb_1931_flatbed_wheel_lod0a80613e3
xmodelmesh,veh_t7_zmb_1931_flatbed_wheel_lod0aec8e14c
xmodelmesh,veh_t7_zmb_1931_flatbed_wheel_lod0c0844769
xmodelmesh,veh_t7_zmb_1931_flatbed_wheel_lod0c703c2ec
xmodelmesh,veh_t7_zmb_1931_flatbed_wheel_lod0d8bf03b2
xmodelmesh,veh_t7_zmb_1931_flatbed_wheel_lod0f5bb6843
xmodelmesh,veh_t7_zmb_1931_flatbed_wheel_spokes_lod013967a3b
xmodelmesh,veh_t7_zmb_1931_flatbed_wheel_spokes_lod04a08daad
xmodelmesh,veh_t7_zmb_1931_flatbed_wheel_spokes_lod06ac70a8b
xmodelmesh,veh_t7_zmb_1931_flatbed_wheel_spokes_lod082b551a0
xmodelmesh,veh_t7_zmb_1931_flatbed_wheel_spokes_lod08ca66e9d
xmodelmesh,veh_t7_zmb_1931_flatbed_wheel_spokes_lod09ed93351
xmodelmesh,veh_t7_zmb_1931_flatbed_wheel_spokes_lod0b419bdc9
xmodelmesh,veh_t7_zmb_1931_flatbed_wheel_spokes_lod0bbd4d3e7
xmodelmesh,veh_t7_zmb_1931_flatebed_bed_bolts_decal5ea1cee5
xmodelmesh,veh_t7_zmb_1931_flatebed_col51d22c40
xmodelmesh,veh_t7_zmb_1931_flatebed_lod02169103a
xmodelmesh,veh_t7_zmb_1931_flatebed_lod02d25fd78
xmodelmesh,veh_t7_zmb_1931_flatebed_lod06b839997
xmodelmesh,veh_t7_zmb_1931_flatebed_lod0aa253b8d
xmodelmesh,veh_t7_zmb_1931_flatebed_lod0b0ab84b7
xmodelmesh,veh_t7_zmb_1931_flatebed_lod0b10d02e
xmodelmesh,veh_t7_zmb_1931_flatebed_lod0b1ccafe7
xmodelmesh,veh_t7_zmb_1931_flatebed_lod0c97600a6
xmodelmesh,veh_t7_zmb_1931_flatebed_rain_decal288239a3
xmodelmesh,veh_t7_zmb_1931_flatebed_rain_decal61ebf34e
material,ei/gfx_gel_drops_full_lite_spec|dup
material,luts_t7_default
material,mc/$default
material,mc/bullet_collision_glass
material,mc/bullet_collision_glasscar
material,mc/bullet_collision_metalcar
material,mc/bullet_collision_metalhollow
material,mc/bullet_collision_metalthin
material,mc/bullet_collision_rubber
material,mc/bullet_collision_sand
material,mc/bullet_collision_wood
material,mc/concrete_wall_broken
material,mc/mtl_c_zom_der_zombie_body1
material,mc/mtl_c_zom_der_zombie_body1_chest
material,mc/mtl_c_zom_der_zombie_body2
material,mc/mtl_c_zom_der_zombie_body2_skin
material,mc/mtl_c_zom_der_zombie_gear_g43pouch
material,mc/mtl_c_zom_der_zombie_gear_k98pouch
material,mc/mtl_c_zom_der_zombie_gear_knife
material,mc/mtl_c_zom_der_zombie_gear_mp40pouch
material,mc/mtl_c_zom_der_zombie_head1
material,mc/mtl_c_zom_der_zombie_head1u
material,mc/mtl_c_zom_der_zombie_head2
material,mc/mtl_c_zom_der_zombie_head3
material,mc/mtl_c_zom_der_zombie_helmet1
material,mc/mtl_c_zom_zod_zombie_fem_body_1_skin
material,mc/mtl_c_zom_zod_zombie_fem_boots
material,mc/mtl_p6_zm_barricade_board_upgrade
material,mc/mtl_p7_ammo_pouch_g43
material,mc/mtl_p7_barbed_wire
material,mc/mtl_p7_barbed_wire_01
material,mc/mtl_p7_barrel_metal_55gal
material,mc/mtl_p7_barrel_metal_55gal_green_drk_wet
material,mc/mtl_p7_box_case_metal_01_medium_metal_weathered
material,mc/mtl_p7_box_case_metal_01_medium_rubber
material,mc/mtl_p7_cai_tank_trap
material,mc/mtl_p7_coffee_table_wood_02_decals
material,mc/mtl_p7_coffee_table_wood_02_worn
material,mc/mtl_p7_coffee_table_wood_02_worn_metal
material,mc/mtl_p7_couch_victorian_01_cloth_dmg_purple
material,mc/mtl_p7_couch_victorian_01_cloth_worn_purple
material,mc/mtl_p7_couch_victorian_01_wood_worn
material,mc/mtl_p7_crate_wood_01
material,mc/mtl_p7_crate_wood_01_dark
material,mc/mtl_p7_crate_wood_01_dark_wet
material,mc/mtl_p7_crate_wood_01_green
material,mc/mtl_p7_crate_wood_01_wet
material,mc/mtl_p7_debris_rocks_loose
material,mc/mtl_p7_file_cab_metal_02
material,mc/mtl_p7_file_cab_metal_02_brushed_metal
material,mc/mtl_p7_file_cab_metal_02_drawer
material,mc/mtl_p7_foliage_bush_sakaki
material,mc/mtl_p7_foliage_global_snow_bark_decal
material,mc/mtl_p7_foliage_grass_tall_sway
material,mc/mtl_p7_foliage_hedge_set_01
material,mc/mtl_p7_foliage_hedge_set_01_noplus
material,mc/mtl_p7_foliage_plant_meskel_flower_orange
material,mc/mtl_p7_foliage_tree_birch_braches
material,mc/mtl_p7_foliage_tree_birch_decals
material,mc/mtl_p7_foliage_tree_birch_leaves_03
material,mc/mtl_p7_foliage_tree_birch_leaves_autumn_01
material,mc/mtl_p7_foliage_tree_birch_leaves_autumn_02
material,mc/mtl_p7_foliage_tree_birch_leaves_autumn_03
material,mc/mtl_p7_foliage_tree_birch_trunk
material,mc/mtl_p7_foliage_tree_pine_01
material,mc/mtl_p7_foliage_tree_pine_trunk_01
material,mc/mtl_p7_foliage_tree_ponderosa_pine_burnt
material,mc/mtl_p7_foliage_tree_ponderosa_pine_tall_burnt_interior
material,mc/mtl_p7_generator
material,mc/mtl_p7_light_hurricane_lamp
material,mc/mtl_p7_light_spotlight_generator_02
material,mc/mtl_p7_pallet_wood_damaged
material,mc/mtl_p7_pallet_wood_splinters
material,mc/mtl_p7_pole_telephone
material,mc/mtl_p7_sandbag_01
material,mc/mtl_p7_sandbag_02
material,mc/mtl_p7_shelf_industrial_vintage_metal
material,mc/mtl_p7_shelf_industrial_vintage_wood
material,mc/mtl_p7_sin_patio_chair_worn
material,mc/mtl_p7_sin_patio_chair_worn_wicker
material,mc/mtl_p7_wood_plank_rustic_2x12x96
material,mc/mtl_p7_zm_der_light_set_bulb_small
material,mc/mtl_p7_zm_der_light_set_glass_cover
material,mc/mtl_p7_zm_der_light_set_metal_aluminum
material,mc/mtl_p7_zm_der_light_set_metal_worn
material,mc/mtl_p7_zm_der_light_set_paint_green_drk
material,mc/mtl_p7_zm_der_light_spot_body
material,mc/mtl_p7_zm_der_light_spot_bulb
material,mc/mtl_p7_zm_der_light_spot_glass
material,mc/mtl_p7_zm_der_light_vacuum_tube
material,mc/mtl_p7_zm_der_light_vacuum_tube_wire
material,mc/mtl_p7_zm_der_plank_wood_01
material,mc/mtl_p7_zm_der_radio_receiver_attachments
material,mc/mtl_p7_zm_der_radio_receiver_box
material,mc/mtl_p7_zm_der_teleporter_pad_bronze_lowres
material,mc/mtl_p7_zm_der_teleporter_pad_ceramic_hot_lowres
material,mc/mtl_p7_zm_der_teleporter_pad_ceramic_lowres
material,mc/mtl_p7_zm_der_teleporter_pad_glass_lowres
material,mc/mtl_p7_zm_der_teleporter_pad_glass_red_lowres
material,mc/mtl_p7_zm_der_teleporter_pad_iron_dark_lowres
material,mc/mtl_p7_zm_der_teleporter_pad_iron_lowres
material,mc/mtl_p7_zm_der_teleporter_pad_light_lowres
material,mc/mtl_p7_zm_der_teleporter_pad_light_red_lowres
material,mc/mtl_p7_zm_der_teleporter_pad_plastic_blue
material,mc/mtl_p7_zm_der_teleporter_pad_plastic_red
material,mc/mtl_p7_zm_der_teleporter_pad_rust_lowres
material,mc/mtl_p7_zm_zod_lantern_metal_01_bare
material,mc/mtl_p7_zm_zod_lantern_metal_01_lens
material,mc/mtl_p7_zm_zod_lantern_metal_01_red
material,mc/mtl_p_glo_barrel_metal_grey_legacy
material,mc/mtl_skybox_default_black
material,mc/mtl_skybox_default_day
material,mc/mtl_t7_veh_decal_bolt_01
material,mc/mtl_veh_t7_zmb_1931_pickup_body_radiator_rusty
material,mc/mtl_veh_t7_zmb_1931_pickup_body_rusty_black
material,mc/mtl_veh_t7_zmb_1931_pickup_body_rusty_blue
material,mc/mtl_veh_t7_zmb_1931_pickup_engine
material,mc/mtl_veh_t7_zmb_1931_pickup_fenders_rusty
material,mc/mtl_veh_t7_zmb_1931_pickup_glass_dirty
material,mc/mtl_veh_t7_zmb_1931_pickup_interior
material,mc/mtl_veh_t7_zmb_1931_pickup_light_rusty
material,mc/mtl_veh_t7_zmb_1931_pickup_tire
material,mc/mtl_veh_t7_zmb_1931_pickup_unibody_rusty
material,mc/mtl_veh_t7_zmb_1931_pickup_wheel
material,mc/mtl_veh_t7_zmb_1931_truck_bed
material,mc/mtl_veh_t7_zmb_1931_truck_bed_wood
material,mc/mtl_veh_t7_zmb_1931_truck_fenders
material,mc/p7_aqu_foliage_shrub_01
material,mc/t7_barrel_vintage_metal_bands_rust_wet
material,mc/t7_barrel_vintage_metal_bolts
material,mc/t7_decal_grunge_charred_stain_01
material,mc/t7_decal_grunge_charred_stain_02
material,mc/t7_decal_grunge_rust_04_desaturated
material,mc/t7_glass_dirty_streaks
material,mc/t7_glass_dirty_streaks_rough_gloss
material,mc/t7_micro_wood_planks_worn_wet
material,mc/t7_wwod_plywood_micro_wet
material,wc/ac_prs_grass_distant_a
material,wc/mtl_fxanim_gp_concrete_trim_beveled_01_crack
material,wc/mtl_p7_eth_restaurant_door
material,wc/mtl_p7_foliage_distictis_ground_192
material,wc/mtl_p7_fxp_debris_dirt_rocky_01_brown
material,wc/p7_vld_wood_roof_base
material,wc/p7_wood_dock_rustic
material,wc/t7_brick_irregular_worn_01
material,wc/t7_brick_worn_heavy_grout_dirty_blend
material,wc/t7_cai_window_gate_02
material,wc/t7_cloth_tent_military_panel_01
material,wc/t7_concrete_bunker_layered_02
material,wc/t7_concrete_bunker_layered_02_wet
material,wc/t7_concrete_poured_bunker_dirty_01
material,wc/t7_concrete_tiles_2x2_dirty_01
material,wc/t7_concrete_tiles_4x4_dirty_01
material,wc/t7_concrete_tiles_4x4_dirty_01_grey
material,wc/t7_concrete_tiles_4x4_dirty_01_grey_wet
material,wc/t7_decal_bullet_concrete_01
material,wc/t7_decal_damage_bullet_holes_02
material,wc/t7_decal_fixture_door_wood_01
material,wc/t7_decal_fixture_door_wood_02
material,wc/t7_decal_grunge_concrete_wall_block_stain_01
material,wc/t7_decal_grunge_papers_01
material,wc/t7_dirt_fertile_dark
material,wc/t7_metal_aged_ceiling_01
material,wc/t7_metal_black_rusty
material,wc/t7_metal_chainlink
material,wc/t7_metal_door_rollup_01
material,wc/t7_metal_fence_post_cable
material,wc/t7_metal_trim_plasma_cut_01_rust
material,wc/t7_mud_sludge_wet_01
material,wc/t7_mud_sludge_wet_03
material,wc/t7_rock_cave_gravel_01
material,wc/t7_rubble_concrete_md_blend
material,wc/t7_stone_cobblestone_01
material,wc/t7_water_clean_01
material,wc/t7_wood_hardwood_bamboo_worn_brown
material,wc/t7_wood_slats_wall_01
material,wc/t7_zm_der_chalk_help
techset,mc/default#e6142445
techset,mc/emissive_add#e6142445
techset,mc/fxanim_decal_reveal#e6142445
techset,mc/fxanim_lit#e6142445
techset,mc/fxanim_micro_tile_blend#e6142445
techset,mc/fxanim_vegetation#e6142445
techset,mc/fxanim_vegetation_plus#e6142445
techset,mc/lit_backlit#e6142445
techset,mc/lit_backlit_advanced#e6142445
techset,mc/lit_backlit_plus#e6142445
techset,mc/lit_decal_normal#e6142445
techset,mc/lit_decal_raindrops#e6142445
techset,mc/lit_micro_tile_blend_advanced#e6142445
techset,mc/lit_micro_tile_blend_plus#e6142445
techset,mc/lit_micro_tiled#e6142445
techset,mc/lit_micro_tiled_advanced#e6142445
techset,mc/lit_transparent_backlit_advanced#e6142445
techset,mc/sky_hdr#e6142445
techset,mc/sky_latlong_hdr#e6142445
techset,wc/lit#882572b8
techset,wc/lit_advanced#882572b8
techset,wc/lit_alphatest#882572b8
techset,wc/lit_alphatest_advanced#882572b8
techset,wc/lit_alphatest_nocull_advanced#882572b8
techset,wc/lit_decal#882572b8
techset,wc/lit_decal_diffuse_reveal#882572b8
techset,wc/lit_decal_diffuse_spec_gloss_reveal#882572b8
techset,wc/lit_decal_reveal#882572b8
techset,wc/lit_detail#882572b8
techset,wc/lit_detail_backlit#882572b8
techset,wc/lit_fxanim_cracks#882572b8
techset,wc/lit_micro_tile_blend#882572b8
techset,wc/lit_micro_tile_blend_plus#882572b8
techset,wc/lit_micro_tiled#882572b8
techset,wc/lit_plus#882572b8
techset,wc/lit_transparent_backlit#882572b8
image,$black_thickness
image,$thickness
image,1_t7_micro_wood_planks_n
image,concrete_wall_broken_c
image,concrete_wall_broken_n
image,core_sand_light_c
image,i_c_gen_reveal_2k_sq_r
image,i_c_zom_der_zombie_body1_ao
image,i_c_zom_der_zombie_body1_c
image,i_c_zom_der_zombie_body1_chest_ao
image,i_c_zom_der_zombie_body1_chest_c
image,i_c_zom_der_zombie_body1_chest_g
image,i_c_zom_der_zombie_body1_chest_n
image,i_c_zom_der_zombie_body1_g
image,i_c_zom_der_zombie_body1_n
image,i_c_zom_der_zombie_body2_ao
image,i_c_zom_der_zombie_body2_c
image,i_c_zom_der_zombie_body2_g
image,i_c_zom_der_zombie_body2_n
image,i_c_zom_der_zombie_body2_s
image,i_c_zom_der_zombie_body2_skin_ao
image,i_c_zom_der_zombie_body2_skin_c
image,i_c_zom_der_zombie_body2_skin_g
image,i_c_zom_der_zombie_body2_skin_n
image,i_c_zom_der_zombie_g43pouch_ao
image,i_c_zom_der_zombie_g43pouch_c
image,i_c_zom_der_zombie_g43pouch_g
image,i_c_zom_der_zombie_g43pouch_n
image,i_c_zom_der_zombie_g43pouch_s
image,i_c_zom_der_zombie_head1_ao
image,i_c_zom_der_zombie_head1_c
image,i_c_zom_der_zombie_head1_g
image,i_c_zom_der_zombie_head1_n
image,i_c_zom_der_zombie_head2_ao
image,i_c_zom_der_zombie_head2_c
image,i_c_zom_der_zombie_head2_g
image,i_c_zom_der_zombie_head2_n
image,i_c_zom_der_zombie_head3_ao
image,i_c_zom_der_zombie_head3_c
image,i_c_zom_der_zombie_head3_g
image,i_c_zom_der_zombie_head3_n
image,i_c_zom_der_zombie_helmet1_c
image,i_c_zom_der_zombie_helmet1_g
image,i_c_zom_der_zombie_helmet1_n
image,i_c_zom_der_zombie_helmet1_o
image,i_c_zom_der_zombie_k98pouch_ao
image,i_c_zom_der_zombie_k98pouch_c
image,i_c_zom_der_zombie_k98pouch_g
image,i_c_zom_der_zombie_k98pouch_n
image,i_c_zom_der_zombie_k98pouch_s
image,i_c_zom_der_zombie_knife_ao
image,i_c_zom_der_zombie_knife_c
image,i_c_zom_der_zombie_knife_g
image,i_c_zom_der_zombie_knife_n
image,i_c_zom_der_zombie_knife_s
image,i_c_zom_der_zombie_mp40pouch_ao
image,i_c_zom_der_zombie_mp40pouch_c
image,i_c_zom_der_zombie_mp40pouch_g
image,i_c_zom_der_zombie_mp40pouch_n
image,i_c_zom_der_zombie_mp40pouch_s
image,i_c_zom_zod_zombie_fem_body_1_skin_c
image,i_c_zom_zod_zombie_fem_body_1_skin_g
image,i_c_zom_zod_zombie_fem_body_1_skin_n
image,i_c_zom_zod_zombie_fem_boots_c
image,i_c_zom_zod_zombie_fem_boots_g
image,i_c_zom_zod_zombie_fem_boots_n
image,i_mtl_p7_ammo_pouch_g43_c
image,i_mtl_p7_ammo_pouch_g43_g
image,i_mtl_p7_ammo_pouch_g43_n
image,i_mtl_p7_ammo_pouch_g43_s
image,i_mtl_p7_barbed_wire_01_c
image,i_mtl_p7_barbed_wire_01_n
image,i_mtl_p7_barbed_wire_c
image,i_mtl_p7_barbed_wire_g
image,i_mtl_p7_barbed_wire_n
image,i_mtl_p7_barbed_wire_o
image,i_mtl_p7_barrel_metal_55gal_blue_c
image,i_mtl_p7_barrel_metal_55gal_blue_n
image,i_mtl_p7_barrel_metal_55gal_n
image,i_mtl_p7_box_case_metal_01_medium_metal_weathered_c
image,i_mtl_p7_box_case_metal_01_medium_metal_weathered_n
image,i_mtl_p7_box_case_metal_01_medium_n
image,i_mtl_p7_box_case_metal_01_medium_o
image,i_mtl_p7_box_case_metal_rubber_n
image,i_mtl_p7_cai_tank_trap_c
image,i_mtl_p7_cai_tank_trap_n
image,i_mtl_p7_coffee_table_wood_02_decals_c
image,i_mtl_p7_coffee_table_wood_02_decals_n
image,i_mtl_p7_coffee_table_wood_02_wood_m
image,i_mtl_p7_coffee_table_wood_02_worn_metal_c
image,i_mtl_p7_coffee_table_wood_02_worn_metal_n
image,i_mtl_p7_coffee_table_wood_02_worn_tile01_c
image,i_mtl_p7_coffee_table_wood_02_worn_tile01_n
image,i_mtl_p7_couch_victorian_01_cloth_damage_c
image,i_mtl_p7_couch_victorian_01_cloth_damage_m
image,i_mtl_p7_couch_victorian_01_cloth_damage_n
image,i_mtl_p7_couch_victorian_01_cloth_n
image,i_mtl_p7_couch_victorian_01_cloth_worn_m
image,i_mtl_p7_couch_victorian_01_wood_n
image,i_mtl_p7_couch_victorian_01_wood_worn_m
image,i_mtl_p7_crate_wood_01_c
image,i_mtl_p7_crate_wood_01_m
image,i_mtl_p7_crate_wood_01_n
image,i_mtl_p7_debris_coal_loose_n
image,i_mtl_p7_file_cab_metal_02_brushed_metal_g
image,i_mtl_p7_file_cab_metal_02_brushed_metal_n
image,i_mtl_p7_file_cab_metal_02_brushed_metal_o
image,i_mtl_p7_file_cab_metal_02_drawer_c
image,i_mtl_p7_file_cab_metal_02_drawer_n
image,i_mtl_p7_file_cab_metal_02_new_c
image,i_mtl_p7_file_cab_metal_02_new_n
image,i_mtl_p7_foliage_bush_sakaki_c
image,i_mtl_p7_foliage_bush_sakaki_n
image,i_mtl_p7_foliage_bush_sakaki_t
image,i_mtl_p7_foliage_grass_tall_c
image,i_mtl_p7_foliage_grass_tall_n
image,i_mtl_p7_foliage_hedge_set_01_c
image,i_mtl_p7_foliage_hedge_set_01_n
image,i_mtl_p7_foliage_hedge_set_01_t
image,i_mtl_p7_foliage_plant_meskel_flower_c
image,i_mtl_p7_foliage_plant_meskel_flower_n
image,i_mtl_p7_foliage_plant_meskel_flower_r
image,i_mtl_p7_foliage_plant_meskel_flower_t
image,i_mtl_p7_foliage_tree_birch_braches_m
image,i_mtl_p7_foliage_tree_birch_braches_n
image,i_mtl_p7_foliage_tree_birch_leaves_01_r
image,i_mtl_p7_foliage_tree_birch_leaves_c
image,i_mtl_p7_foliage_tree_birch_leaves_n
image,i_mtl_p7_foliage_tree_birch_trunk_detailmap01_c
image,i_mtl_p7_foliage_tree_birch_trunk_detailmap01_n
image,i_mtl_p7_foliage_tree_birch_trunk_detailmap02_n
image,i_mtl_p7_foliage_tree_birch_trunk_m
image,i_mtl_p7_foliage_tree_birch_trunk_n
image,i_mtl_p7_foliage_tree_pine_01_c
image,i_mtl_p7_foliage_tree_pine_trunk_01_c
image,i_mtl_p7_foliage_tree_pine_trunk_01_n
image,i_mtl_p7_foliage_tree_ponderosa_pine_bark_snow_r
image,i_mtl_p7_foliage_tree_ponderosa_pine_burnt_c
image,i_mtl_p7_foliage_tree_ponderosa_pine_burnt_g
image,i_mtl_p7_foliage_tree_ponderosa_pine_burnt_n
image,i_mtl_p7_foliage_tree_ponderosa_pine_tall_burnt_interior_c
image,i_mtl_p7_foliage_tree_ponderosa_pine_tall_burnt_interior_n
image,i_mtl_p7_foliage_tree_ponderosa_pine_trunk_snow_n
image,i_mtl_p7_light_hurricane_lamp_g
image,i_mtl_p7_light_hurricane_lamp_n
image,i_mtl_p7_light_hurricane_lamp_o
image,i_mtl_p7_light_hurricane_lamp_s
image,i_mtl_p7_light_spotlight_generator_02_c
image,i_mtl_p7_light_spotlight_generator_02_g
image,i_mtl_p7_light_spotlight_generator_02_n
image,i_mtl_p7_light_spotlight_generator_02_o
image,i_mtl_p7_light_spotlight_generator_02_s
image,i_mtl_p7_mtl_generator_c
image,i_mtl_p7_mtl_generator_n
image,i_mtl_p7_pallet_wood_splinters_c
image,i_mtl_p7_pallet_wood_splinters_n
image,i_mtl_p7_pole_telephone_c
image,i_mtl_p7_pole_telephone_n
image,i_mtl_p7_restaurant_door_c
image,i_mtl_p7_restaurant_door_n
image,i_mtl_p7_sandbag_01_c
image,i_mtl_p7_sandbag_01_n
image,i_mtl_p7_sandbag_02_c
image,i_mtl_p7_shelf_industrial_vintage_metal_c
image,i_mtl_p7_shelf_industrial_vintage_metal_g
image,i_mtl_p7_shelf_industrial_vintage_metal_n
image,i_mtl_p7_shelf_industrial_vintage_metal_s
image,i_mtl_p7_shelf_industrial_vintage_wood_c
image,i_mtl_p7_shelf_industrial_vintage_wood_n
image,i_mtl_p7_sin_patio_chair_worn_c
image,i_mtl_p7_sin_patio_chair_worn_g
image,i_mtl_p7_sin_patio_chair_worn_n
image,i_mtl_p7_sin_patio_chair_worn_o
image,i_mtl_p7_sin_patio_chair_worn_s
image,i_mtl_p7_sin_patio_chair_worn_wicker_c
image,i_mtl_p7_sin_patio_chair_worn_wicker_n
image,i_mtl_p7_wood_plank_rustic_2x12x96_c
image,i_mtl_p7_wood_plank_rustic_2x12x96_n
image,i_mtl_p7_zm_der_light_set_bulb_small_c
image,i_mtl_p7_zm_der_light_set_bulb_small_g
image,i_mtl_p7_zm_der_light_set_bulb_small_m
image,i_mtl_p7_zm_der_light_set_bulb_small_n
image,i_mtl_p7_zm_der_light_set_bulb_small_s
image,i_mtl_p7_zm_der_light_set_m
image,i_mtl_p7_zm_der_light_set_n
image,i_mtl_p7_zm_der_light_spot_body_c
image,i_mtl_p7_zm_der_light_spot_body_g
image,i_mtl_p7_zm_der_light_spot_body_n
image,i_mtl_p7_zm_der_light_spot_body_o
image,i_mtl_p7_zm_der_light_spot_body_s
image,i_mtl_p7_zm_der_light_spot_bulb_n
image,i_mtl_p7_zm_der_light_vacuum_tube_m
image,i_mtl_p7_zm_der_light_vacuum_tube_n
image,i_mtl_p7_zm_der_light_vacuum_tube_wire_c
image,i_mtl_p7_zm_der_light_vacuum_tube_wire_e
image,i_mtl_p7_zm_der_plank_wood_01_c
image,i_mtl_p7_zm_der_plank_wood_01_n
image,i_mtl_p7_zm_der_radio_receiver_c
image,i_mtl_p7_zm_der_radio_receiver_g
image,i_mtl_p7_zm_der_radio_receiver_n
image,i_mtl_p7_zm_der_radio_receiver_o
image,i_mtl_p7_zm_der_radio_receiver_s
image,i_mtl_p7_zm_der_teleporter_pad_e_lowres
image,i_mtl_p7_zm_der_teleporter_pad_glass_c_lowres
image,i_mtl_p7_zm_der_teleporter_pad_glass_g_lowres
image,i_mtl_p7_zm_der_teleporter_pad_glass_s_lowres
image,i_mtl_p7_zm_der_teleporter_pad_glass_t_lowres
image,i_mtl_p7_zm_der_teleporter_pad_n
image,i_mtl_p7_zm_der_teleporter_pad_n_lowres
image,i_mtl_p7_zm_der_teleporter_pad_o_lowres
image,i_mtl_p7_zm_der_teleporter_pad_t_lowres
image,i_mtl_p7_zm_zod_lantern_metal_01_lens_c
image,i_mtl_p7_zm_zod_lantern_metal_01_lens_g
image,i_mtl_p7_zm_zod_lantern_metal_01_lens_t
image,i_mtl_p7_zm_zod_lantern_metal_01_m
image,i_mtl_p7_zm_zod_lantern_metal_01_n
image,i_mtl_p7_zm_zod_lantern_metal_01_o
image,i_mtl_veh_t7_zmb_1931_pickup_body_m
image,i_mtl_veh_t7_zmb_1931_pickup_body_n
image,i_mtl_veh_t7_zmb_1931_pickup_body_o
image,i_mtl_veh_t7_zmb_1931_pickup_engine_n
image,i_mtl_veh_t7_zmb_1931_pickup_fenders_n
image,i_mtl_veh_t7_zmb_1931_pickup_interior_n
image,i_mtl_veh_t7_zmb_1931_pickup_light_n
image,i_mtl_veh_t7_zmb_1931_pickup_light_o
image,i_mtl_veh_t7_zmb_1931_pickup_tire_base_m
image,i_mtl_veh_t7_zmb_1931_pickup_tire_n
image,i_mtl_veh_t7_zmb_1931_pickup_tire_o
image,i_mtl_veh_t7_zmb_1931_pickup_truck_attach_fenders_n
image,i_mtl_veh_t7_zmb_1931_pickup_under_n
image,i_mtl_veh_t7_zmb_1931_pickup_under_o
image,i_mtl_veh_t7_zmb_1931_pickup_unibody_m
image,i_mtl_veh_t7_zmb_1931_pickup_van_attach_n
image,i_mtl_veh_t7_zmb_1931_truck_bed_m
image,i_mtl_veh_t7_zmb_1931_truck_fenders_m
image,i_p7_foliage_distictis_ground_192_c
image,i_p7_foliage_hedge_set_01_g
image,i_p7_foliage_tree_birch_leaves_03_t
image,i_p7_pallet_wood_damaged_c
image,i_p7_pallet_wood_damaged_n
image,i_p7_vld_shrub_01_dry_c
image,i_p7_vld_wood_roof_base_c
image,i_p7_vld_wood_roof_base_n
image,i_p_glo_barrel_metal_grey_legacy_c
image,i_p_glo_barrel_metal_grey_legacy_n
image,i_t7_barrel_vintage_metal_bolts_n
image,i_t7_barrel_vintage_metal_bolts_r
image,i_t7_brick_irregular_worn_01_c
image,i_t7_brick_irregular_worn_01_n
image,i_t7_brick_worn_red_heavy_grout_dirty_c
image,i_t7_brick_worn_red_heavy_grout_n
image,i_t7_brick_worn_red_heavy_grout_r
image,i_t7_cai_window_gate_02_c
image,i_t7_cai_window_gate_02_n
image,i_t7_cloth_tent_military_panel_01_c
image,i_t7_cloth_tent_military_panel_01_n
image,i_t7_cloth_tent_military_panel_01_t
image,i_t7_concrete_bare_weathered_01_n
image,i_t7_concrete_bunker_layered_02_c
image,i_t7_concrete_bunker_layered_02_n
image,i_t7_concrete_poured_bunker_dirty_01_c
image,i_t7_concrete_poured_bunker_dirty_01_m
image,i_t7_concrete_poured_bunker_dirty_01_n
image,i_t7_concrete_tiles_2x2_dirty_01_c
image,i_t7_concrete_tiles_2x2_dirty_01_n
image,i_t7_concrete_tiles_4x4_dirty_01_c
image,i_t7_concrete_tiles_4x4_dirty_01_n
image,i_t7_concrete_trim_beveled_01_c
image,i_t7_concrete_trim_beveled_01_n
image,i_t7_damage_decal_cracks_02_c
image,i_t7_damage_decal_cracks_02_n
image,i_t7_decal_damage_bullet_holes_02_c
image,i_t7_decal_damage_bullet_holes_02_n
image,i_t7_decal_damage_wood_splintered_01_n
image,i_t7_decal_damage_wood_splintered_01_r
image,i_t7_decal_fixture_door_wood_01_c
image,i_t7_decal_fixture_door_wood_01_g
image,i_t7_decal_fixture_door_wood_01_n
image,i_t7_decal_fixture_door_wood_01_o
image,i_t7_decal_fixture_door_wood_01_s
image,i_t7_decal_fixture_door_wood_02_c
image,i_t7_decal_fixture_door_wood_02_g
image,i_t7_decal_fixture_door_wood_02_n
image,i_t7_decal_fixture_door_wood_02_o
image,i_t7_decal_grunge_brick_stain_01_c
image,i_t7_decal_grunge_brick_stain_01_g
image,i_t7_decal_grunge_charred_stain_01_c
image,i_t7_decal_grunge_charred_stain_02_c
image,i_t7_decal_grunge_concrete_wall_block_stain_01_r
image,i_t7_decal_grunge_papers_01_c
image,i_t7_decal_grunge_rust_02_s
image,i_t7_decal_grunge_rust_04_c
image,i_t7_detail_acrylic_01_n
image,i_t7_detail_carpet_05
image,i_t7_detail_concrete_01
image,i_t7_detail_concrete_02
image,i_t7_detail_wood_01
image,i_t7_dirt_fertile_dark_c
image,i_t7_dirt_fertile_n
image,i_t7_glass_dirty_chemical_stain_g
image,i_t7_glass_dirty_dome_01_c
image,i_t7_glass_dirty_grimes_02_wet_n
image,i_t7_glass_dirty_streaks_02_g
image,i_t7_glass_dirty_streaks_c
image,i_t7_glass_dirty_streaks_g
image,i_t7_glass_dirty_streaks_n
image,i_t7_grass_scrub_c
image,i_t7_grass_scrub_n
image,i_t7_metal_aged_ceiling_01_n
image,i_t7_metal_bare_brushed_2_g
image,i_t7_metal_bare_brushed_3_g
image,i_t7_metal_chainlink_c
image,i_t7_metal_chainlink_n
image,i_t7_metal_chainlink_o
image,i_t7_metal_chainlink_s
image,i_t7_metal_copper_oxidized_02_c
image,i_t7_metal_copper_oxidized_02_g
image,i_t7_metal_copper_oxidized_02_n
image,i_t7_metal_door_rollup_01_c
image,i_t7_metal_door_rollup_01_n
image,i_t7_metal_fence_post_cable_c
image,i_t7_metal_fence_post_cable_n
image,i_t7_metal_rust_01_c
image,i_t7_metal_rust_01_g
image,i_t7_metal_rust_01_n
image,i_t7_metal_rust_ceiling_01_c
image,i_t7_metal_trim_plasma_cut_01_n
image,i_t7_metal_worn_iron_dark_c
image,i_t7_metal_worn_iron_dark_g
image,i_t7_metal_worn_iron_dark_n
image,i_t7_metal_worn_iron_dark_s
image,i_t7_micro_cloth_cotton_01_c
image,i_t7_micro_coir_01_n
image,i_t7_micro_concrete_bare_weathered_01_c
image,i_t7_micro_concrete_bare_weathered_01_n
image,i_t7_micro_concrete_grooves_n
image,i_t7_micro_metal_bare_scuffed_01_g
image,i_t7_micro_metal_bare_worn_01_g
image,i_t7_micro_metal_cast_iron_01_n
image,i_t7_micro_metal_grunge_lathed_01_c
image,i_t7_micro_metal_grunge_lathed_01_g
image,i_t7_micro_metal_grunge_lathed_01_m
image,i_t7_micro_metal_grunge_lathed_01_n
image,i_t7_micro_metal_grunge_lathed_01_s
image,i_t7_micro_metal_grunge_scratch_03_n
image,i_t7_micro_metal_grunge_scratch_fine_01_n
image,i_t7_micro_metal_grunge_scratch_fine_01_s
image,i_t7_micro_metal_painted_02_c
image,i_t7_micro_metal_painted_scuffed_01_c
image,i_t7_micro_metal_painted_scuffed_01_g
image,i_t7_micro_metal_rust_01_c
image,i_t7_micro_metal_rust_01_g
image,i_t7_micro_metal_rust_02_c
image,i_t7_micro_metal_rust_c
image,i_t7_micro_metal_rust_heavy_01_c
image,i_t7_micro_metal_rust_n
image,i_t7_micro_paint_01_c
image,i_t7_micro_paint_01_g
image,i_t7_micro_plastic_01_g
image,i_t7_micro_plastic_rough_02_g
image,i_t7_micro_plastic_rough_heavy_01_g
image,i_t7_micro_stone_mixed_c
image,i_t7_micro_stone_mixed_n
image,i_t7_micro_wood_01_n
image,i_t7_micro_wood_oak_unfinished_c
image,i_t7_micro_wood_oak_unfinished_n
image,i_t7_micro_wood_rough_02_c
image,i_t7_micro_wood_rough_02_n
image,i_t7_micro_wood_rough_03_c
image,i_t7_micro_wood_rough_03_n
image,i_t7_micro_wood_rough_c
image,i_t7_micro_wood_rough_n
image,i_t7_micro_wood_varied_damaged_teak_c
image,i_t7_micro_wood_varied_teak_c
image,i_t7_micro_wood_varied_teak_n
image,i_t7_mud_sludge_wet_01_c
image,i_t7_mud_sludge_wet_01_n
image,i_t7_mud_sludge_wet_01_reveal_g
image,i_t7_mud_sludge_wet_03_c
image,i_t7_mud_sludge_wet_03_n
image,i_t7_rock_cave_gravel_01_c
image,i_t7_rock_cave_gravel_01_n
image,i_t7_rubble_concrete_md_blend_c
image,i_t7_rubble_concrete_md_blend_n
image,i_t7_rubble_concrete_md_blend_r
image,i_t7_snow_frost_01_r
image,i_t7_snow_powder_02_n
image,i_t7_stone_cobblestone_01_c
image,i_t7_stone_cobblestone_01_n
image,i_t7_veh_decal_bolt_01_c
image,i_t7_veh_decal_bolt_01_n
image,i_t7_wood_hardwood_bamboo_n
image,i_t7_wood_hardwood_bamboo_worn_brown_c
image,i_t7_wood_hardwood_bamboo_worn_g
image,i_t7_wood_slats_wall_01_c
image,i_t7_wood_slats_wall_01_n
image,i_t7_zm_der_chalk_help_c
image,i_t7_zm_der_chalk_help_r
image,i_veh_t7_detail_noise_01
image,i_veh_t7_wood_panel_damaged_g
image,i_veh_t7_wood_panel_damaged_n
image,img_luts_curve_blend
image,me_metal_rusty_big_col
image,p6_zm_barricade_board_upgrade_c
image,p6_zm_barricade_board_upgrade_n
image,skybox_default_black
image,skybox_default_day_ft
image,t7_cp_hud_tacmode_type_amws
image,zm_nacht_BC3_SRGB_combo
image,zm_nacht_BC4_combo
image,zm_nacht_BC7_SRGB_combo
image,zm_nacht_BC7_combo
sound,zm_nacht
col_map,maps/zm/zm_nacht.d3dbsp
com_map,maps/zm/zm_nacht.d3dbsp
game_map,maps/zm/zm_nacht.d3dbsp
map_ents,maps/zm/zm_nacht.d3dbsp
gfx_map,maps/zm/zm_nacht.d3dbsp
weapon,zombie_ai_defaultmelee_zm
fx,blood/fx_blood_gib_arm_sever_burst
fx,blood/fx_blood_gib_leg_sever_burst
fx,blood/fx_blood_impact_exp_body_lg_zmb
fx,blood/fx_blood_sword_trail_emitter_zod_zmb
fx,blood/fx_blood_trail_zmb
fx,zombie/fx_barrier_window_build_zmb
scriptparsetree,scripts/zm/zm_nacht.csc
scriptparsetree,scripts/zm/zm_nacht.gsc
keyvaluepairs,zm_nacht
surfacesounddef,zombfootstep_crouch_run_zomb
surfacesounddef,zombfootstep_crouch_walk_zomb
surfacesounddef,zombfootstep_ladder_hand_zomb
surfacesounddef,zombfootstep_prone_zomb
surfacesounddef,zombfootstep_run_zomb
surfacesounddef,zombfootstep_sprint_zomb
surfacesounddef,zombfootstep_walk_zomb
footsteptable,zombfootstep
zbarrier,zmcore_basicwoodbarrier
scriptbundle,c_54i_grunt_fx_table
scriptbundle,c_zom_der_zombie_gib_def
scriptbundle,c_zom_der_zombie_hat_gib_def
animselectortable,zm_genesis_zombie.ai_ast
animmappingtable,zm_genesis_zombie.ai_am
animstatemachine,zm_genesis_zombie.ai_asm
behaviortree,zm_genesis_zombie.ai_bt
texturecombo,zm_nacht
navmesh,maps/zm/zm_nacht_navmesh
navvolume,maps/zm/zm_nacht_navvolume
